-- phpMyAdmin SQL Dump
-- version 4.6.4
-- https://www.phpmyadmin.net/
--
-- Host: 127.0.0.1
-- Generation Time: Mar 31, 2019 at 07:23 AM
-- Server version: 5.7.14
-- PHP Version: 7.0.10

SET SQL_MODE = "NO_AUTO_VALUE_ON_ZERO";
SET time_zone = "+00:00";


/*!40101 SET @OLD_CHARACTER_SET_CLIENT=@@CHARACTER_SET_CLIENT */;
/*!40101 SET @OLD_CHARACTER_SET_RESULTS=@@CHARACTER_SET_RESULTS */;
/*!40101 SET @OLD_COLLATION_CONNECTION=@@COLLATION_CONNECTION */;
/*!40101 SET NAMES utf8mb4 */;

--
-- Database: `excellent_health`
--
CREATE DATABASE IF NOT EXISTS `excellent_health` DEFAULT CHARACTER SET latin1 COLLATE latin1_swedish_ci;
USE `excellent_health`;

-- --------------------------------------------------------

--
-- Table structure for table `collecting_center`
--

CREATE TABLE `collecting_center` (
  `id` int(11) NOT NULL,
  `name` varchar(45) DEFAULT NULL,
  `owner` varchar(45) DEFAULT NULL,
  `mobile` varchar(10) DEFAULT NULL,
  `land` varchar(10) DEFAULT NULL,
  `email` varchar(45) DEFAULT NULL,
  `address` varchar(255) DEFAULT NULL,
  `established_date` date DEFAULT NULL,
  `collecting_center_status` varchar(10) NOT NULL
) ENGINE=InnoDB DEFAULT CHARSET=utf8;

--
-- Dumping data for table `collecting_center`
--

INSERT INTO `collecting_center` (`id`, `name`, `owner`, `mobile`, `land`, `email`, `address`, `established_date`, `collecting_center_status`) VALUES
(1, 'Panadura Center', 'Panadura', '0772350438', '0772350438', 'asa@gmail.com', 'Panadura', '2016-05-15', 'CLOSED'),
(2, 'Asiri Medic', 'Dr Wathudura', '0772350438', '0382232234', 'skwathudura@yahoo.com', 'Hirana Road, Panadura', '2017-01-20', 'CLOSED'),
(3, 'Suwasewana', 'Mr Ranasinghe', '0782322323', '0382222543', 'dkranasinghe@gmail.com', 'Manamullla Panadura', '2017-05-15', 'OPEN'),
(4, 'Home', 'Mr Dinesh', '0772350438', NULL, 'dkranasinghe@gmail.com', NULL, '2017-05-15', 'OPEN');

-- --------------------------------------------------------

--
-- Table structure for table `consultation`
--

CREATE TABLE `consultation` (
  `id` int(11) NOT NULL,
  `name` varchar(255) DEFAULT NULL
) ENGINE=InnoDB DEFAULT CHARSET=utf8;

--
-- Dumping data for table `consultation`
--

INSERT INTO `consultation` (`id`, `name`) VALUES
(1, 'ABDOMEN/KUB/CHEST'),
(2, 'ABDOMIN SCAN'),
(3, 'ACCUPUNCTURE'),
(4, 'ACCUPUNCTURE AND COSMETIC'),
(5, 'AESTHETIC COSMETOLOGIST'),
(6, 'ALLERGY AND ASTHMA SPECIALIST'),
(7, 'ALLERGY AND IMMUNOLOGY'),
(8, 'ALLERGY AND SKIN SPECIALIST'),
(9, 'ALLERGY SPECIALIST'),
(10, 'ALLERGY, ASTHMA AND RESPIRATORY DISEASE'),
(11, 'AMBULANCE SERVICE'),
(12, 'ANAESTHESIOLOGIST'),
(13, 'ANAESTHESIOLOGIST IN PAIN MEDICINE'),
(14, 'ANAESTHESIOLOGY'),
(15, 'ANAESTHETIST'),
(16, 'ANAESTHETIST AND INTENSIVIST'),
(17, 'ANDROLOGY AND MALE FERTILITY'),
(18, 'ANESTHETISTS PAIN CLINIC'),
(19, 'ANTI AGING CLINIC'),
(20, 'ANY OTHER USG'),
(21, 'APPLIED PSYCHOLOGIST'),
(22, 'ART THERAPIST'),
(23, 'ARTHRITIS'),
(24, 'ASST.PROFESSOR PRIMARY CARE'),
(25, 'AUDIO GRAPHER'),
(26, 'AUDIOLOGIST'),
(27, 'AUDIOLOGIST AND HEARING AID SPECIALIST'),
(28, 'AUDIOMETRIST'),
(29, 'AYURVEDA GENERAL PHYSICIAN/PHSYCATRIC AND DIABETIC'),
(30, 'AYURVEDA NONCOMMUNICABLE/UNANI GENEREL PHYSICIAN'),
(31, 'AYURVEDIC'),
(32, 'AYURVEDIC CARDIOLOGIST'),
(33, 'AYURVEDIC SURGEON'),
(34, 'AYURVEDIC AND ALTERNATIVE MEDICINE'),
(35, 'AYURVEDIC GENERAL SLIMING & BEAUTY'),
(36, 'AYURVEDIC PHYSICIAN'),
(37, 'AYURVEDIC PHYSICIAN (BOILS AND WOUNDS SPECIAL)'),
(38, 'AYURVEDIC SKIN SPECIALIST'),
(39, 'BACK PAIN TREATMENT'),
(40, 'BACK PAIN TREATMENT AND SPORTS MEDICINE'),
(41, 'BACTERIOLOGIST'),
(42, 'BEHAVIOUR THERAPIST'),
(43, 'BIOPSY TEST'),
(44, 'BODY AND EAR ACUPUNCTURIST AND AURICULOTHERAPIST'),
(45, 'BONE FRACTURE/BONE DEFORMITIES(AYURVEDA & TRADITIONAL)'),
(46, 'BRAIN(PEDIATRIC)'),
(47, 'BREAST FEEDING'),
(48, 'BREAST SCAN'),
(49, 'CARDIAC ELECTROPHYSIOLOGIST'),
(50, 'CARDIAC SURGEON'),
(51, 'CARDIAOTHORACIC SURGEON'),
(52, 'CARDIO GRAPHER'),
(53, 'CARDIOLOGIST'),
(54, 'CARDIOLOGIST AND CARDIAC ELECTROPHYSIOLOGIST'),
(55, 'CARDIOLOGIST-ECHO'),
(56, 'CARDIOLOGY AND GYNECOLOGY'),
(57, 'CARDIOVASCULAR AND THORACIC SURGEON'),
(58, 'CARDIOVASCULAR TECHNOLOGIST'),
(59, 'CAROTID DOPLER'),
(60, 'CHEMICAL PATHOLOGIST'),
(61, 'CHEST PHYSICIAN'),
(62, 'CHEST SPECIALIST'),
(63, 'CHILD AND ADOLESCENT PHYCHIATRIST'),
(64, 'CHILD AND ADOLESCENT PHYCHIATRIST'),
(65, 'CHILD AND ADOLESCENT PSYCHOLOGIST'),
(66, 'CHILD GUIDANCE/LEARNING DISABILITY REMEDIATION'),
(67, 'CHILD PSYCHIATRIST'),
(68, 'CHILD PSYCHOLOGIST'),
(69, 'CHILDREN DENTIST'),
(70, 'CHIROPRACTOR'),
(71, 'CHOLESTEROL/GASTRITIS AND GENERAL PHYSICIAN'),
(72, 'CLINICAL EMBRYOLOGIST'),
(73, 'CLINICAL EMBRYOLOGIST AND INFERTILITY PHYSICIAN'),
(74, 'CLINICAL HAEMATOLOGIST'),
(75, 'CLINICAL HEALTH AND CHILD PSYCHOLOGIST'),
(76, 'CLINICAL HEALTH PSYCHOLOGIST AND CHILD PSYCHOLOGIS'),
(77, 'CLINICAL HYPNOTIST'),
(78, 'CLINICAL IMMUNOLOGY AND ALLERGY'),
(79, 'CLINICAL MICROBIOLOGIST'),
(80, 'CLINICAL MICROBIOLOGY / IMMUNOLOGY'),
(81, 'CLINICAL NEURO PHYSIOLOGIST'),
(82, 'CLINICAL NEUROLOGIST'),
(83, 'CLINICAL NUTRITIONIST'),
(84, 'CLINICAL ONCOLOGIST'),
(85, 'CLINICAL PSYCHOLOGIST'),
(86, 'CO-ORDINATING DR (SLEEP MEDICINE)'),
(87, 'COLONOSCOPY'),
(88, 'COMMUNITY PHYSICIAN'),
(89, 'CONSULTANT CARDIOLOGIST'),
(90, 'CONSULTANT CARDIOTHORACIC SURGEON'),
(91, 'CONSULTANT DENTAL SURGEON AND PROSTHODONTIST'),
(92, 'CONSULTANT DENTAL SURGEON AND RESTORATIVE DENTISTRY'),
(93, 'CONSULTANT FAMILY PHYSICIAN'),
(94, 'CONSULTANT FAMILY PHYSICIAN'),
(95, 'CONSULTANT IN FERTILITY'),
(96, 'CONSULTANT IN REPRODUCTIVE MEDICINE'),
(97, 'CONSULTANT JUDICIAL MEDICINE'),
(98, 'CONSULTANT PEDIATRIC CARDIOLOGIST'),
(99, 'CONSULTANT UROLOGIST'),
(100, 'COSMETIC CARE CLINIC AND COSMETIC PHYSICIAN'),
(101, 'COSMETIC CENTER'),
(102, 'COSMETIC CLINIC - NAWALOKA ONLY'),
(103, 'COSMETIC CLINIC-METHMA MEDICAL CENTER'),
(104, 'COSMETIC DERMATOLOGIST'),
(105, 'COSMETIC DERMATOLOGY'),
(106, 'COSMETIC OCULOPLASTY'),
(107, 'COSMETOLOGIST'),
(108, 'COUNSELING PSYCHOLOGIST'),
(109, 'COUNSELING & PSYCHOTHERAPY'),
(110, 'COUNSELLER AND PSYCHOTHEROPIST'),
(111, 'COUNSELLING'),
(112, 'COUNSELLOR'),
(113, 'COUNSELLOR AND HYPNOTHERAPIST'),
(114, 'COUNSELOR'),
(115, 'DENTAL AND MAXILLO-FACIAL SURGEON'),
(116, 'DENTAL AND MAXILLOFACIAL SURGEON'),
(117, 'DENTAL IMPLANTOLOGIST'),
(118, 'DENTAL SPECIALIST (PREVENTIVE DENTISTRY)'),
(119, 'DENTAL SURGEON'),
(120, 'DENTAL SURGEON (PREVENTIVE DENTISTRY)'),
(121, 'DENTAL SURGEON / GENERAL AND LASER'),
(122, 'DENTAL SURGEON / RESTORATIVE DENTISTRY'),
(123, 'DENTAL SURGEON /IMPLANTOLOGIST'),
(124, 'DENTIST'),
(125, 'DEPROMEDROL INJECTION (40 MG)'),
(126, 'DEPROMEDROL INJECTION (80 MG)'),
(127, 'DERMATOLOGIST'),
(128, 'DERMATOLOGIST (ADULT AND PAEDIATRIC)'),
(129, 'DERMATOLOGIST AND HAIR CLINIC'),
(130, 'DIABETES MALLITUS'),
(131, 'DIABETIC CARE'),
(132, 'DIABETIC EDUCATOR'),
(133, 'DIABETIC SPECIALIST'),
(134, 'DIABETICIAN'),
(135, 'DIABETIES'),
(136, 'DIABETOLOGIST'),
(137, 'DIABETOLOGIST AND ENDOCRINOLOGIST'),
(138, 'DIABETOLOGIST AND GENERAL PHYSICIAN'),
(139, 'DIETICIAN'),
(140, 'DIETICIAN AND NUTRICIAN'),
(141, 'DIPROSPAN INJECTION'),
(142, 'DOPPLER (DUPLEX) CAROTID'),
(143, 'DOPPLER (DUPLEX) RENAL'),
(144, 'DOPPLER 1 LEG'),
(145, 'DOPPLER 2 LEG'),
(146, 'DOPPLER SCAN'),
(147, 'DOPPLER(DUPLEX)LOWER LIMB/ PPER LIMB VENOUS-ONE LIMB'),
(148, 'DOPPLER(DUPLEX)LOWER LIMB/UPPER LIMB ARTERIAL-BOTH LIMB'),
(149, 'DOPPLER(DUPLEX)LOWER LIMB/UPPER LIMB ARTERIAL-ONE LIMB'),
(150, 'DOPPLER(DUPLEX)LOWER LIMB/UPPER LIMB VENOUS-BOTH LIMB'),
(151, 'DRUGS COUNSELOR'),
(152, 'DUPLEX SCAN'),
(153, 'EAR WASH'),
(154, 'EARING TEST(P.T.A)'),
(155, 'ECHO'),
(156, 'ECHO CARDIOGRAM'),
(157, 'ECHO SCAN'),
(158, 'EDUCATION AND TRAINING'),
(159, 'EDUCATIONAL THERAPIST'),
(160, 'EEG'),
(161, 'EMBRYOLOGIST'),
(162, 'EMDR THERAPIST COUNSELLOR'),
(163, 'ENDOCRINOLOGIST'),
(164, 'ENDOCRINOLOGIST AND DERMATOLOGIST'),
(165, 'ENDOCRINOLOGIST AND DIABETOLOGIST'),
(166, 'ENDOSCOPY'),
(167, 'ENT & NECK SURGEON'),
(168, 'ENT AND EYE'),
(169, 'ENT AND HEAD AND NECK SURGEON'),
(170, 'ENT AND NECK SURGEON'),
(171, 'ENT SURGEON'),
(172, 'ENT(HEAD AND NECK)SURGEON'),
(173, 'EXERCISE ECG'),
(174, 'EYE ALLERGY AND EYE SURGEON'),
(175, 'EYE DISEASES'),
(176, 'EYE DISEASES/RHEUMATOLOGIST(TRADITIONAL MEDICINE)'),
(177, 'EYE PLASTIC SURGEON (OCULOPLASTIC SURGEON)'),
(178, 'EYE SURGEON'),
(179, 'EYE SURGEON AND VITREORETINAL SURGEON'),
(180, 'EYE SURGEON/ OCULAR ALLERGIST'),
(181, 'EYE SURGEON/CORNEA/REFRACTIVE SURGERY'),
(182, 'EYE/OCULOPLASTIC SURGEON'),
(183, 'FACIAL SURGEON'),
(184, 'FAMILY /GENERAL COUNCELLER'),
(185, 'FAMILY PHYSICIAN'),
(186, 'FAMILY PLANNING /REPRODUCTIVE AND FEMALE SEXUAL HEALTH'),
(187, 'FAMILY PLANNING AND REPRODUCTIVE HEALTH SPECIALIST'),
(188, 'FAMILY PLANNING/REPRODUCTIVE/GENDER BASED VIOLENCE'),
(189, 'FAT REDUCTION AND SKIN CARE'),
(190, 'FERTILITY COUNSELOR'),
(191, 'FERTILITY COUNSELOR / CLINICAL EMBRYOLOGIST'),
(192, 'FERTILITY PHYSICIAN'),
(193, 'FNAC'),
(194, 'FOOD AND NUTRITION'),
(195, 'GASTROENTEROLOGICAL SURGEON'),
(196, 'GASTROENTEROLOGIST'),
(197, 'GASTROENTEROLOGIST AND HEPATOBILIARY SURGEON'),
(198, 'GASTROENTEROLOGIST PHYSICIAN'),
(199, 'GASTROENTEROLOGIST SURGEON'),
(200, 'GASTROENTEROLOGY AND HEPATOLOGY PHYSICIAN'),
(201, 'GASTROINTESTINAL SURGEON'),
(202, 'GASTROLOGIST'),
(203, 'GENARAL AND INTERVENTIONAL CARDIOLOGIST'),
(204, 'GENERAL'),
(205, 'GENERAL AND LAPAROSCOPIC SURGEON'),
(206, 'GENERAL AND OCCUPATIONAL PHYSICIAN'),
(207, 'GENERAL DISORDERS'),
(208, 'GENERAL MEDICINE'),
(209, 'GENERAL PHYSICIAN'),
(210, 'GENERAL PHYSICIAN (AYURVEDA AND TRADITIONAL TREATMENTS)'),
(211, 'GENERAL PRACTITIONER'),
(212, 'GENERAL SURGEON'),
(213, 'GENETIC COUNSELOR'),
(214, 'GENETIC MEDICAL'),
(215, 'GENETICIST'),
(216, 'GENITO URINARY SURGEON'),
(217, 'GERIATRIC PHYSICIAN'),
(218, 'GERIATRICIAN AND ELDERLY CARE SPECIALIST'),
(219, 'GYNAECOLOGICAL CANCER SURGEON'),
(220, 'GYNAECOLOGICAL ONCOLOGIST'),
(221, 'GYNAECOLOGICAL ONCOSURGEON'),
(222, 'GYNAECOLOGIST'),
(223, 'GYNAECOLOGIST AND CANCER SURGEON'),
(224, 'GYNAECOLOGIST ONCOLOGIST'),
(225, 'GYNAECOLOGIST AND CONSULTANT IN FERTILITY'),
(226, 'GYNAECOLOGIST AND OBSTRICIAN'),
(227, 'GYNAECOLOGIST AND SPECIALIST IN SUB-FERTILITY'),
(228, 'GYNAECOLOGIST(VOG)'),
(229, 'GYNAECOLOGIST,FERTILITY,REPRODUCTIVE,ENDOCRINOLOGIST'),
(230, 'GYNAECOLOGY AND OBSTETRICS FERTILITY SPECIALIST'),
(231, 'H0LTER MORTERREEN'),
(232, 'HAEMATO ONCOLOGIST'),
(233, 'HAEMATO ONCOLOGIST'),
(234, 'HAEMATOLOGIST'),
(235, 'HAEMATOLOGIST AND CLINICAL HAEMATOLOGIST'),
(236, 'HAIR IMPLANTATION'),
(237, 'HAIR TRANSPLANT'),
(238, 'HAND THERAPIST'),
(239, 'HEALTH MANAGEMENT PROGRAM'),
(240, 'HEMORRHOIDAL INJECTION'),
(241, 'HEPATOBILIARY AND LIVER TRANSPLANT SURGEON'),
(242, 'HEPATOBILIARY SURGEON'),
(243, 'HEPATOLOGISTS'),
(244, 'HISTOPATHOLOGIST'),
(245, 'HOLTER MONITORING'),
(246, 'HOMEOPATHY'),
(247, 'HOMEOPATHY & ACUPUNCTURIST & AYURVEDIC'),
(248, 'HOMEOPATHY PHYSICIAN'),
(249, 'HONORARY CONSULTANT'),
(250, 'HPB SURGEON'),
(251, 'HUMAN NUTRITIONIST'),
(252, 'IMMUNOLOGIST'),
(253, 'IMPLATLOGIST'),
(254, 'INFERTILITY PHYSICIAN AND CLINICAL EMBRYOLOGIST'),
(255, 'INFERTILITY SPECIALIST AND CLINICAL EMBRYOLOGIST'),
(256, 'INHOUSE MEDICAL OFFICER'),
(257, 'INTERNAL MEDICINE'),
(258, 'INTERNAL MEDICINE AND GASTROENTEROLOGY'),
(259, 'INTERVENTIONAL RADIOLOGIST'),
(260, 'JADE 11'),
(261, 'JUDICIAL MEDICAL OFFICER'),
(262, 'KIDNEY DIALYSIS'),
(263, 'KIDNEY SPECIALIST'),
(264, 'KIDNEY TRANSPLANT SURGEON'),
(265, 'KOREAN ACUPUNCTURE/ MOXIBUSTION/ CUPPING TREATMENTS'),
(266, 'LANKA HOSPITAL'),
(267, 'LAPAROSCOPIC AND BARIATRIC SURGEON'),
(268, 'LAPAROSCOPY AND COLORECTAL SURGEON'),
(269, 'LASER TREATMENT'),
(270, 'LIFESTYLE THERAPIST'),
(271, 'LIQUID NITROGEN'),
(272, 'LIVER CENTRE'),
(273, 'LOW VISION  PRACTITIONER'),
(274, 'LOWER GI'),
(275, 'LUMP SCAN'),
(276, 'LUNG FUNCTION TEST'),
(277, 'MALE FERTILITY'),
(278, 'MANUAL THERAPIST'),
(279, 'MAXILLOFACIAL SURGEON'),
(280, 'MEDICAL AND CLINICAL GENETICIST'),
(281, 'MEDICAL EXAMINATION(VISA)'),
(282, 'MEDICAL FITNESS CERTIFICATE FOR SPORTS'),
(283, 'MEDICAL GASTROENTEROLOGIST'),
(284, 'MEDICAL MICROBIOLOGIST'),
(285, 'MEDICAL NUTRITIONIST'),
(286, 'MEDICAL OFFICER'),
(287, 'MEDICAL OFFICER WELL WOMAN CLINICS'),
(288, 'MEDICAL OFFICER-HUMAN NUTRITION'),
(289, 'MEDICAL ONCOLOGY'),
(290, 'MEDICAL REPORT'),
(291, 'MEDICAL VIROLOGIST'),
(292, 'MEMORY CLINIC'),
(293, 'MENS SEXUAL AND REPRODUCTIVE HEALTH'),
(294, 'MICROBIOLOGIST'),
(295, 'MYCOLOGIST'),
(296, 'MYCOLOGIST / MICROBIOLOGIST'),
(297, 'NCS/EMG'),
(298, 'NECK'),
(299, 'NEONATAL PAEDIATRICIAN'),
(300, 'NEONATAL PAEDIATRICIAN'),
(301, 'NEONATOLOGIST'),
(302, 'NEPHROLOGIST'),
(303, 'NEPHROLOGIST AND GENARAL PHYSICIAN'),
(304, 'NEPROLOGY/UROLOGY/ORTHOPEDIC'),
(305, 'NERVE CONDUCTION TEST'),
(306, 'NEURO PHYSICIAN'),
(307, 'NEURO PHYSIOLOGIST'),
(308, 'NEURO SURGEON'),
(309, 'NEUROLOGIST'),
(310, 'NUTRITION CONSULTANCY'),
(311, 'NUTRITION COUNSELING'),
(312, 'NUTRITION PHYSICIAN'),
(313, 'NUTRITION SPECIALIST'),
(314, 'NUTRITIONIST'),
(315, 'NUTRITIONIST AND DIETITIAN'),
(316, 'NUTRITIOUS ADVICES'),
(317, 'OBSTETRICIAN'),
(318, 'OBSTETRICIAN AND GYNAECOLOGIST/CONSULTANT IN FERTILITY'),
(319, 'OBSTETRICIAN & GYNAECOLOGIST FETAL MEDICINE SPECIALIST'),
(320, 'OBSTETRICIAN AND FETAL MEDICINE SPECIALIST'),
(321, 'OBSTETRICIAN AND GYNAECOLOGIST'),
(322, 'OCCUPATIONAL MEDICINE'),
(323, 'OCCUPATIONAL THERAPIST'),
(324, 'OCULOPLASTIC SURGEON'),
(325, 'ONCO SURGEON'),
(326, 'ONCOLOGICAL SURGEON'),
(327, 'ONCOLOGICAL SURGEON - SURGEON'),
(328, 'ONCOLOGIST'),
(329, 'ONCOLOGIST - CANCER SPECIALIST'),
(330, 'ONCOLOGIST AND RADIOTHERAPIST'),
(331, 'OPD'),
(332, 'OPHTHALMOLOGIST'),
(333, 'OPTOMETRIST'),
(334, 'OPTOMETRIST PEADIATRIC'),
(335, 'ORAL AND MAXILLOFACIAL SURGEON'),
(336, 'ORAL DENTAL AND MAXILLOFACIAL SURGEON'),
(337, 'ORTHO MANUAL THERAPY'),
(338, 'ORTHODONTIC SURGEON'),
(339, 'ORTHODONTIST'),
(340, 'ORTHOPAEDIC AYURVEDIC'),
(341, 'ORTHOPAEDIC DISORDERS'),
(342, 'ORTHOPAEDIC SPECIALIST'),
(343, 'ORTHOPAEDIC SURGEON'),
(344, 'ORTHOPAEDIC SURGEON (ADULT & PAEDIATRIC)'),
(345, 'ORTHOPEDIC AND NEURO REHABILITATION'),
(346, 'ORTHOPEDIC/NEURO/SPORTS REHABILITATION PHYSIOTHERAPIST'),
(347, 'ORTHOPEDICS - (TRADITIONAL MEDICINE)'),
(348, 'OSTIYOPATHY & HEALINGPATHY'),
(349, 'OTHER SCAN'),
(350, 'PAEDIATRIC ECHO'),
(351, 'PAEDIATRIC ALLERGY AND ASTHMA'),
(352, 'PAEDIATRIC CARDIOLOGIST'),
(353, 'PAEDIATRIC CARDIOTHORACIC SURGEON'),
(354, 'PAEDIATRIC CHEST PHYSICIAN'),
(355, 'PAEDIATRIC CONSULTANT RADIOLOGIST'),
(356, 'PAEDIATRIC DERMATOLOGIST'),
(357, 'PAEDIATRIC DERMATOLOGIST AND DERMATOLOG'),
(358, 'PAEDIATRIC ENDOCRINOLOGIST'),
(359, 'PAEDIATRIC ENDOCRINOLOGIST AND DIABETOLOGIST'),
(360, 'PAEDIATRIC EYE SURGEON'),
(361, 'PAEDIATRIC INTENSIVIST'),
(362, 'PAEDIATRIC INTERVENTIONAL CARDIOLOGIST'),
(363, 'PAEDIATRIC NEONATOLOGIST'),
(364, 'PAEDIATRIC NEPHROLOGIST'),
(365, 'PAEDIATRIC NEUROLOGIST'),
(366, 'PAEDIATRIC ONCOLOGIST'),
(367, 'PAEDIATRIC ONCOLOGIST(CHILD AND ADOLESCENTS)'),
(368, 'PAEDIATRIC OPHTHALMOLOGIST'),
(369, 'PAEDIATRIC ORTHOPAEDIC SURGEON'),
(370, 'PAEDIATRIC PHYSIOTHERAPIST'),
(371, 'PAEDIATRIC PSYCHIATRIST'),
(372, 'PAEDIATRIC PULMONOLOGIST'),
(373, 'PAEDIATRIC SURGEON'),
(374, 'PAEDIATRIC VACCINOLOGIST'),
(375, 'PAEDIATRICIAN'),
(376, 'PAEDIATRICIAN AND NEONATAL PAEDIATRICIAN'),
(377, 'PAEDIATRICS AND PAEDIATRIC NEONATOLOGY'),
(378, 'PAEDIATRICS NEONATOLOGY AND NEONATOLOGY'),
(379, 'PAEDIATRICS and PAEDIATRIC NEURO DISABILITY'),
(380, 'PAIN MANAGEMENT'),
(381, 'PALLIATIVE CARE'),
(382, 'PANCHAKARMA'),
(383, 'PANCHAKARMA AND CARDIAC DISEASE'),
(384, 'PAP TEST'),
(385, 'PARASITOLOGIST'),
(386, 'PATHOLOGIST'),
(387, 'PEDIATRIC CARDIAC SURGEON'),
(388, 'PERIODONTIST AND IMPLANTOLOGIST (DENTAL SURGEON)'),
(389, 'PHYSICIAN'),
(390, 'PHYSICIAN AND ENDOCRINOLOGISTS/DIABETOLOGIST'),
(391, 'PHYSICIAN / CHEST PHYSICIAN'),
(392, 'PHYSICIAN / FAMILY MEDICINE'),
(393, 'PHYSICIAN /ORTHOPEDIC'),
(394, 'PHYSICIAN AND CHEST PHYSICIAN'),
(395, 'PHYSICIAN AND DIABETOLOGIST'),
(396, 'PHYSICIAN AND ENDOCRINOLOGIST'),
(397, 'PHYSICIAN AND GASTRO ENTEROLOGISTS'),
(398, 'PHYSICIAN AND GERIATRIC PHYSICIAN'),
(399, 'PHYSICIAN AND GERIATRIC PHYSICIAN'),
(400, 'PHYSICIAN AND IMMUNOLOGIST'),
(401, 'PHYSICIAN AND NEUROLOGIST'),
(402, 'PHYSICIAN GASTROENTEROLOGIST INTERNAL MEDICINE'),
(403, 'PHYSICIAN/CHEST PHYCISIAN(TRADITIONAL MEDICINE)'),
(404, 'PHYSIOLOGIST'),
(405, 'PHYSIOTHERAPIST'),
(406, 'PHYSIOTHERAPIST/SPORTS PHYSIOTHERAPIST'),
(407, 'PHYSIOTHERAPIST/SPORTS PHYSIOTHERAPY/PAIN MANAGEMENT'),
(408, 'PHYSIOTHERAPY/PAIN AND ORTHOPEDIC NEURO REHABILITATION'),
(409, 'PLASTIC AND RECONSTRUCTIVE SURGEON'),
(410, 'PLASTIC SURGEON'),
(411, 'PRE PARTICIPATOYR EVALUATION'),
(412, 'PREVENTIVE DENTISTRY'),
(413, 'PROSTHESIS AND ORTHOSIS'),
(414, 'PROSTHODONTIST'),
(415, 'PSYCHIATRIST'),
(416, 'PSYCHIATRIST (CHILD AND ADOLESCENTS)'),
(417, 'PSYCHIATRIST/PSYCHOLOGICAL COUNSELLING/SEXUAL MEDICINE'),
(418, 'PSYCHIATRIST/PSYCHOTHERAPIST/HYPNOTHERAPIST'),
(419, 'PSYCHO SOCIAL PRACTITIONER'),
(420, 'PSYCHOLOGICAL COUNSELLING'),
(421, 'PSYCHOLOGICAL COUNSELOR'),
(422, 'PSYCHOLOGIST'),
(423, 'PSYCHOTHERAPIST COUNSELLOR'),
(424, 'PSYCHOTHERAPIST/CLINICAL PSYCHOLOGIST'),
(425, 'PULMONARY REHABILITATION CLINIC'),
(426, 'QUATERISATION CHARGES'),
(427, 'RADIATION AND MEDICAL ONCOLOGY'),
(428, 'RADIOGEAPHER'),
(429, 'RADIOLOGISTS'),
(430, 'RADIOLOGISTS ABDOMIN SCAN'),
(431, 'RADIOLOGISTS SCANNING'),
(432, 'RADIOLOGISTS X-RAY'),
(433, 'REPRODUCTIVE ENDOCRINOLOGIST'),
(434, 'REPRODUCTIVE MEDICINE AND SURGERY'),
(435, 'REPRODUCTIVE/FAMILY COUNSELOR/GENDER BASED VIOLENCE'),
(436, 'RESPIRATORY AND CHEST PHYSICIAN'),
(437, 'RESPIRATORY MEDICINE'),
(438, 'RESPIRATORY PHYSICIAN'),
(439, 'RESTORATIVE DENTIST'),
(440, 'RESTORATIVE DENTISTRY'),
(441, 'RESTORATIVE DENTISTRY'),
(442, 'RHEUMATOLOGIST'),
(443, 'RHEUMATOLOGIST AND GENERAL DISORDERS'),
(444, 'RHEUMATOLOGY AND REHABILITATION'),
(445, 'RME TEST'),
(446, 'S.T.D'),
(447, 'SAROTID DOPPLER'),
(448, 'SCANNING'),
(449, 'SCOLIOSIS CLINIC'),
(450, 'SCROTUM'),
(451, 'SCROTUM/TESTIS'),
(452, 'SECOND OPINION SERVICE'),
(453, 'SENIOR COUNSELLOR AND PSYCHOTHERAPIST'),
(454, 'SENIOR ORTHOPTIST'),
(455, 'SEXUAL HEALTH'),
(456, 'SEXUAL MEDICINE'),
(457, 'SEXUAL MEDICINE AND SEXUAL HEALTH'),
(458, 'SEXUAL WELLNESS AND CANCER'),
(459, 'SHAPE UP CLINIC'),
(460, 'SHOLDER SCAN'),
(461, 'SHOULDER/KNEE/ELBOW/ANKLE/GROIN'),
(462, 'SIDDHA GENERAL PHYSICIAN'),
(463, 'SKIN CARE ADULT PEADIATRIC & COSMETIC DERMATALOGIST'),
(464, 'SKIN CARE AND COSMETIC CENTRE'),
(465, 'SKIN CARE AND COSMETIC CENTRE - PLASTIC SURGEON'),
(466, 'SKIN CARE AND COSMETIC ? OCULOPLASTIC SURGEON'),
(467, 'SKIN CARE AND COSMETIC?CONSULTANT DERMATOLOGIST'),
(468, 'SPECIAL EDUCATION NEED'),
(469, 'SPECIAL EDUCATION NEEDS CONSULTANT'),
(470, 'SPEECH AND LANGUAGE PATHOLOGIST'),
(471, 'SPEECH AND LANGUAGE THERAPIST'),
(472, 'SPEECH LANGUAGE PATHALOGIST AND AUDIOLOGIST'),
(473, 'SPEECH PATHOLOGIST'),
(474, 'SPEECH PATHOLOGIST / CLINICAL AUDIOLOGIST'),
(475, 'SPEECH PATHOLOGIST/THERAPIST'),
(476, 'SPEECH THERAPIST'),
(477, 'SPEECH THERAPIST AND AUDIOLOGIST'),
(478, 'SPEECH THERAPIST AND PSYCHOLOGICAL COUNSELLER'),
(479, 'SPINE SURGERY'),
(480, 'SPORT INJURIES FRACTURES AND DISLOCATIONS'),
(481, 'SPORT PSYCHOLOGY AND SPORT COUNSELLING'),
(482, 'SPORTS AND EXERCISE MEDICINE'),
(483, 'SPORTS AND EXERCISE PHYSICIAN'),
(484, 'SPORTS MASSURE'),
(485, 'SPORTS MEDICINE'),
(486, 'SPORTS MEDICINE AND SPORTS PSYCHOLOGY'),
(487, 'SPORTS MEDICINE/ORTHOPEADICS PAIN MANAGEMENT'),
(488, 'SPORTS NUTRITION & PERFOMANCE'),
(489, 'SPORTS PHYSIOTHERAPY/PAIN MANAGEMENT'),
(490, 'SPORTS PSYCHOLOGY'),
(491, 'STD INJECTION'),
(492, 'STUDY DISORDERS AND COUNCILLING'),
(493, 'SUB FERTILITY'),
(494, 'SUB FERTILITY SPECIALIST'),
(495, 'SUBFERTILITY, JOINT DISEASES, BEAUTY CULTURE'),
(496, 'SURGEON'),
(497, 'SURGEON AND HPB SURGEON'),
(498, 'SURGEON AND SPECIALIST IN LAPAROSCOPIC SURGERY'),
(499, 'SURGICAL ONCOLOGY'),
(500, 'TELEMEDICINE'),
(501, 'TEST'),
(502, 'THORACIC SURGEON'),
(503, 'THYROID/NECK/PAROTID'),
(504, 'TOE'),
(505, 'TRANSFUSION MEDICINE'),
(506, 'TRANSFUSION PHYSICIAN'),
(507, 'TRANSPLANT AND GENITO URINARY SURGEON'),
(508, 'TRANSPLANT SURGEON'),
(509, 'TRAUMA COUNSELLOR EMDR THERAPIST AND IMAGO THERAPY'),
(510, 'TVS'),
(511, 'ULTRA SOUND SCAN'),
(512, 'UNANI ORTHOPAEDIC'),
(513, 'UPPER GI'),
(514, 'URINARY DISORDERS AND GENERAL DISORDERS'),
(515, 'UROLOGICAL AND TRANSPLANT SURGEON'),
(516, 'UROLOGICAL SURGEON'),
(517, 'UROLOGIST'),
(518, 'UROLOGIST AND UROLOGICAL SURGEON'),
(519, 'UROLOGIST/GENITO-URINARY SURGEON'),
(520, 'UROLOGY'),
(521, 'USG GUIDED FNAC'),
(522, 'UV THERAPHY'),
(523, 'VACCINE ADVICE'),
(524, 'VACCINOLOGIST'),
(525, 'VACCINOLOGIST AND MEDICAL VIROLOGIST'),
(526, 'VASCULAR / TRANSPLANT AND WOUND CARE SURGERY'),
(527, 'VASCULAR AND TRANSPLANT SURGEON'),
(528, 'VASCULAR AND TRANSPLANT SURGEON LIVER AND KIDNEY'),
(529, 'VASCULAR SURGEON'),
(530, 'VENERELOGY'),
(531, 'VENEREOLOGIST'),
(532, 'VENEREOLOGIST - GUM AND SEXUAL HEALTH'),
(533, 'VENEREOLOGIST AND STD AND SEXUAL HEALTH'),
(534, 'VENEREOLOGIST/S.T.D'),
(535, 'VIP SERENE CENTRE - NAWALOKA ONLY'),
(536, 'VIP-NAWALOKA HOSPITAL'),
(537, 'VIROLOGIST'),
(538, 'VITREORETINAL SURGEON'),
(539, 'VOG SCAN'),
(540, 'WEIGHT MANAGEMENT AND SPORTS MEDICINE'),
(541, 'WELLNESS AND WEIGHT MANAGEMENT'),
(542, 'WOUND CONSULTATION'),
(543, 'X-RAY'),
(544, 'X-RAY REPORTING');

-- --------------------------------------------------------

--
-- Table structure for table `discount_ratio`
--

CREATE TABLE `discount_ratio` (
  `id` int(11) NOT NULL,
  `name` varchar(45) DEFAULT NULL,
  `amount` decimal(10,2) DEFAULT NULL
) ENGINE=InnoDB DEFAULT CHARSET=utf8;

--
-- Dumping data for table `discount_ratio`
--

INSERT INTO `discount_ratio` (`id`, `name`, `amount`) VALUES
(1, 'Normal', '0.00'),
(2, 'Senior Citizen', '5.00'),
(3, 'Corporate Customer', '10.00'),
(4, 'Collecting Center', '15.00');

-- --------------------------------------------------------

--
-- Table structure for table `doctor`
--

CREATE TABLE `doctor` (
  `id` int(11) NOT NULL,
  `title` varchar(11) NOT NULL,
  `name` varchar(45) DEFAULT NULL,
  `gender` varchar(6) NOT NULL,
  `consultation_id` int(11) NOT NULL,
  `slmc_number` int(11) DEFAULT NULL,
  `mobile` varchar(10) DEFAULT NULL,
  `land` varchar(10) DEFAULT NULL,
  `email` varchar(45) DEFAULT NULL,
  `description` varchar(255) DEFAULT NULL,
  `create_date` datetime DEFAULT CURRENT_TIMESTAMP ON UPDATE CURRENT_TIMESTAMP
) ENGINE=InnoDB DEFAULT CHARSET=utf8;

--
-- Dumping data for table `doctor`
--

INSERT INTO `doctor` (`id`, `title`, `name`, `gender`, `consultation_id`, `slmc_number`, `mobile`, `land`, `email`, `description`, `create_date`) VALUES
(1, 'DR', 'Upul Dissanayake', 'MALE', 389, 1, '0712345678', '', 'asakahatapitiya@gmail.com', '', '2018-11-11 00:00:00'),
(2, 'DR', 'W.J.R Fernando', 'MALE', 389, 2, '', '', '', '', '2018-11-08 09:21:05'),
(3, 'DR', 'S.P.K Wathudura', 'MALE', 389, 3, '', '', '', '', '2018-11-08 09:21:05'),
(4, 'DR', 'Suranga', 'MALE', 331, 110, '', '', '', NULL, '2018-10-26 00:00:00'),
(5, 'DRMRS', 'Damayanthi Hapugoda', 'FEMALE', 375, 12331, '0772350400', '', '', '', '2018-10-27 00:00:00'),
(6, 'DR', 'KKK Kumarage', 'MALE', 13, 4, '0712345678', '0712345678', 'asa@gmail.com', '', '2018-11-11 00:00:00'),
(7, 'NO', 'On Patient Request', 'MALE', 1, NULL, NULL, NULL, NULL, NULL, '2018-11-17 20:20:48');

-- --------------------------------------------------------

--
-- Table structure for table `employee`
--

CREATE TABLE `employee` (
  `id` int(11) NOT NULL,
  `number` varchar(45) DEFAULT NULL,
  `title` varchar(10) DEFAULT NULL,
  `name` varchar(45) DEFAULT NULL,
  `calling_name` varchar(45) DEFAULT NULL,
  `gender` varchar(6) DEFAULT NULL,
  `nic` varchar(12) DEFAULT NULL,
  `email` varchar(45) DEFAULT NULL,
  `mobile` varchar(10) DEFAULT NULL,
  `land` varchar(10) DEFAULT NULL,
  `address` varchar(255) DEFAULT NULL,
  `designation` varchar(50) DEFAULT NULL,
  `doassignment` date DEFAULT NULL,
  `civil_status` varchar(25) DEFAULT NULL,
  `date_of_birth` date DEFAULT NULL,
  `employee_status` varchar(25) DEFAULT NULL,
  `created_at` datetime NOT NULL,
  `updated_at` datetime DEFAULT NULL
) ENGINE=InnoDB DEFAULT CHARSET=utf8;

--
-- Dumping data for table `employee`
--

INSERT INTO `employee` (`id`, `number`, `title`, `name`, `calling_name`, `gender`, `nic`, `email`, `mobile`, `land`, `address`, `designation`, `doassignment`, `civil_status`, `date_of_birth`, `employee_status`, `created_at`, `updated_at`) VALUES
(1, 'PL001', 'MR', 'KRAL Kahatapitiya', 'Lositha', 'MALE', '900200222V', 'asakahatapitiya@gmail.com', '0772350438', '', 'Kekulawala Thamabagall Kurunegala', 'MANAGER', '2018-01-01', 'UNMARRIED', '1990-01-20', 'WORKING', '2018-08-27 18:00:55', '2018-08-27 18:00:55'),
(2, 'PL002', 'MRS', 'KRA Lositha Kahatapitiya', 'Asanka', 'MALE', '900200223V', 'asakahatapitiya@icloud.com', '0716318038', '', 'Kekulwala Thambagalla Kurunegala', 'MANAGER', '2017-01-01', 'MARRIED', NULL, 'WORKING', '2018-08-27 18:00:55', '2018-09-12 00:00:00'),
(3, 'PL003', 'MR', 'Asanka', 'Asanka', 'MALE', '900200222V', NULL, '0712345678', '0712345678', '', 'MANAGER', '2018-01-01', 'MARRIED', '2018-01-01', 'WORKING', '2018-08-27 18:00:55', '2018-08-27 18:00:55'),
(4, 'PL004', 'MR', 'Dinesh Ranasinghe', 'Dinesh', 'MALE', '892342313V', NULL, '0712345678', '0712345678', 'jkhjh', 'MANAGER', '2018-01-01', 'MARRIED', '1989-01-10', 'WORKING', '2018-08-27 18:00:55', '2018-08-27 18:00:55'),
(5, 'PL005', 'MRS', 'Asanka', 'Asanka', 'MALE', '900200222V', 'asa@gmail.com', '0712345678', '0712345678', 'sfs', 'MANAGER', '2018-01-01', 'MARRIED', '1989-01-10', 'WORKING', '2018-08-27 18:00:55', '2018-08-27 18:00:55'),
(7, 'PL006', 'MR', 'Asanka', 'Asanka', 'MALE', '892342313V', 'asa@gmail.com', '0712345678', '0712345678', 'sdfas', 'MANAGER', '2018-01-01', 'UNMARRIED', '1989-01-10', 'WORKING', '2018-08-27 18:00:55', '2018-08-27 18:00:55'),
(8, 'PL007', 'MR', 'Asanka', 'Asanka', 'MALE', '900200222V', 'asa@gmail.com', '0712345678', '0712345678', 'sdsa', 'PHALABO', '2018-01-01', 'MARRIED', '1989-01-10', 'WORKING', '2018-08-27 18:00:55', '2018-09-05 22:09:03'),
(9, 'PL001', 'MR', 'Asanka', 'Asanka', 'MALE', '900200222V', 'asa@gmail.com', '0712345678', '0712345678', 'EF', 'MANAGER', '2018-01-01', 'UNMARRIED', '1989-01-10', 'WORKING', '2018-08-27 18:00:55', '2018-09-05 19:45:55'),
(10, 'PL001', 'MR', 'KRAL Kahatapitiya', 'Lositha', 'MALE', '900200222V', 'asakahatapitiya@gmail.com', '0772350438', '', 'Kekulawala Thamabagall Kurunegala', 'CHACHIER', '2018-01-01', 'UNMARRIED', '1990-01-21', 'WORKING', '2018-08-27 18:00:55', '2018-09-05 19:14:57'),
(11, 'PL007', 'MR', 'Asanka', 'Asanka', 'MALE', '900200222V', 'asa@gmail.com', '0712345678', '0712345678', 'sdsa', 'MANAGER', '2018-01-01', 'MARRIED', '1989-01-10', 'WORKING', '2018-08-27 18:00:55', '2018-08-27 18:00:55'),
(12, 'EHP001', 'MR', 'KRAL Kahatapitiya', 'Asanka', 'MALE', '900200222V', 'asa@gmail.com', '0712345678', '0712345678', 'dsfds', 'MANAGER', '2018-01-01', 'MARRIED', '1989-01-10', 'WORKING', '2018-08-27 18:00:55', '2018-08-27 18:00:55'),
(13, 'PL003', 'MR', 'excellent', 'Asanka', 'MALE', '900200222V', 'asa@gmail.com', '0712345678', '0712345678', 'khgjh', 'CHACHIER', '2018-01-01', 'MARRIED', '1989-01-10', 'LEAVE', '2018-08-27 18:00:55', '2018-09-06 19:27:42'),
(14, 'PL003', 'MRS', 'Asanka', 'Asanka', 'FEMALE', '900200222V', 'asa@gmail.com', '0712345678', '0712345678', 'sdasf', 'CHACHIER', '2018-01-01', 'WIDOW', '1989-01-10', 'LEAVE', '2018-08-27 18:00:55', '2018-08-27 18:00:55'),
(15, 'PL003', 'MRS', 'Asanka', 'Asanka', 'FEMALE', '900200222V', 'asa@gmail.com', '0712345678', '0712345678', 'sdasd', 'MANAGER', '2016-09-23', 'WIDOW', '1989-01-10', 'LEAVE', '2018-08-27 18:00:55', '2018-09-06 09:40:10'),
(16, 'PL003', 'MISS', 'Asanka', 'Asanka', 'FEMALE', '900200222V', 'asa@gmail.com', '0712345678', '0712345678', 'sdas', 'MANAGER', '2018-01-01', 'WIDOW', '1989-01-10', 'LEAVE', '2018-08-27 18:00:55', '2018-09-06 08:59:38'),
(17, 'PL001', 'MR', 'KRAL Kahatapitiya', 'Lositha', 'MALE', '900200222V', 'asakahatapitiya@gmail.com', '0772350438', '0712345678', 'Kekulawala Thamabagall Kurunegala', 'MANAGER', '2018-01-01', 'UNMARRIED', '1990-01-20', 'WORKING', '2018-08-27 18:00:55', '2018-09-06 09:38:36'),
(18, 'PL003', 'MR', 'Asanka', 'Asanka', 'FEMALE', '900200222V', 'asa@gmail.com', '0712345678', '0712345678', 'sdas', 'MANAGER', '2018-01-01', 'MARRIED', '1989-01-10', 'WORKING', '2018-08-27 18:00:55', '2018-08-27 18:00:55'),
(19, 'PL001', 'MISS', 'KRAL Kahatapitiya', 'Asanka', 'FEMALE', '900200222V', 'asakahatapitiya@gmail.com', '0712345678', '0712345678', 'hgkg', 'MANAGER', '2018-01-01', 'WIDOW', '1989-01-10', 'LEAVE', '2018-08-27 18:00:55', '2018-09-05 16:28:19'),
(21, 'PL003', 'MR', 'excellent', 'Asanka', 'MALE', '900200222V', 'asa@gmail.com', '0712345678', '0712345678', 'eda', 'CHACHIER', '2017-08-31', 'MARRIED', '2017-07-30', 'LEAVE', '2018-08-27 18:00:55', '2018-09-06 19:33:05'),
(22, 'PL001', 'BABY', 'Asanka', 'Asanka', 'FEMALE', '900200222V', 'asakahatapitiya@gmail.com', '0712345678', '0712345678', '', 'ADMIN', '2016-07-31', 'WIDOW', '2016-07-31', 'WORKING', '2018-08-27 18:00:55', '2018-09-06 19:36:14'),
(23, 'EHL001', 'MR', 'KRAL KAHATAPITIYA', 'KRAL90', 'MALE', '900200227V', 'asakahatapitiya@gmail.com', '0716318039', '', '<p>Kurunegala</p>', 'MANAGER', '2018-11-07', 'MARRIED', '1990-01-20', 'WORKING', '2018-11-07 00:00:00', NULL),
(24, 'EHS100', 'MR', 'KRAL KAHATAPITIYA', 'KRALAsa', 'MALE', '890200227V', 'panaduralaboratory.nawaloka@gmail.com', '0716318039', '', '<p>Kurunegala&nbsp;</p>\r\n<p>Sri lanka</p>', 'MANAGER', '2018-11-07', 'MARRIED', '1989-01-20', 'WORKING', '2018-11-07 00:00:00', NULL);

-- --------------------------------------------------------

--
-- Table structure for table `hibernate_sequence`
--

CREATE TABLE `hibernate_sequence` (
  `next_val` bigint(20) DEFAULT NULL
) ENGINE=MyISAM DEFAULT CHARSET=utf8;

--
-- Dumping data for table `hibernate_sequence`
--

INSERT INTO `hibernate_sequence` (`next_val`) VALUES
(19);

-- --------------------------------------------------------

--
-- Table structure for table `invoice`
--

CREATE TABLE `invoice` (
  `id` int(11) NOT NULL,
  `created_at` date NOT NULL,
  `remarks` varchar(150) DEFAULT NULL,
  `totalprice` decimal(10,2) DEFAULT NULL,
  `amount` decimal(10,2) NOT NULL,
  `payment_method` varchar(10) NOT NULL,
  `bank_name` varchar(255) DEFAULT NULL,
  `card_number` int(11) DEFAULT NULL,
  `collecting_center_id` int(11) DEFAULT NULL,
  `discount_ratio_id` int(11) DEFAULT NULL,
  `patient_id` int(11) DEFAULT NULL,
  `medical_package_id` int(11) DEFAULT NULL,
  `user_id` int(11) DEFAULT NULL,
  `doctor_id` int(11) DEFAULT NULL
) ENGINE=InnoDB DEFAULT CHARSET=utf8;

--
-- Dumping data for table `invoice`
--

INSERT INTO `invoice` (`id`, `created_at`, `remarks`, `totalprice`, `amount`, `payment_method`, `bank_name`, `card_number`, `collecting_center_id`, `discount_ratio_id`, `patient_id`, `medical_package_id`, `user_id`, `doctor_id`) VALUES
(2, '2018-10-23', NULL, '0.00', '0.00', 'CASH', NULL, NULL, 3, 1, 1, NULL, 6, 1),
(3, '2018-10-23', NULL, '0.00', '0.00', 'CASH', NULL, NULL, 3, 1, 1, NULL, 6, 2),
(4, '2018-10-23', NULL, '0.00', '0.00', 'CASH', NULL, NULL, 3, 1, 1, NULL, 6, 3),
(14, '2018-10-26', NULL, '0.00', '0.00', 'CASH', NULL, NULL, 3, 1, 1, NULL, 6, 4),
(15, '2018-11-06', '', '0.00', '0.00', 'CASH', 'boc', 342, 3, 1, 2, NULL, 6, 4),
(16, '2018-11-06', '', '0.00', '0.00', 'CASH', 'boc', 989, 3, 1, 2, NULL, 6, 3),
(17, '2018-11-06', '', '0.00', '0.00', 'CASH', 'boc', 343, 3, 1, 2, NULL, 6, 4),
(18, '2018-11-06', 'gdfsfd', '0.00', '0.00', 'CASH', 'boc', 342, 3, 1, 1, NULL, 6, 4),
(19, '2018-11-06', 'gdfsfd', '0.00', '0.00', 'CASH', 'boc', 342, 3, 1, 1, NULL, 6, 2),
(20, '2018-11-06', 'gdfsfd', '0.00', '0.00', 'CASH', 'boc', 342, 3, 1, 1, NULL, 6, 2),
(21, '2018-11-06', '', '0.00', '0.00', 'CASH', 'boc', 4353, 3, 1, 1, NULL, 6, 2),
(22, '2018-11-06', '', '0.00', '0.00', 'CASH', 'boc', 3423, 3, 1, 1, NULL, 6, 1),
(23, '2018-11-06', '', '0.00', '0.00', 'CASH', 'boc', 6777, 3, 1, 1, NULL, 6, 1),
(24, '2018-11-06', '', '0.00', '0.00', 'CASH', 'boc', 767, 3, 1, 1, NULL, 6, 2),
(25, '2018-11-06', '', '0.00', '0.00', 'CASH', 'boc', 5555, 3, 1, 1, NULL, 6, 3),
(26, '2018-11-06', '', '0.00', '0.00', 'CASH', 'boc', 5555, 3, 1, 1, NULL, 6, 4),
(27, '2018-11-06', '', '0.00', '0.00', 'CASH', 'boc', 5555, 3, 1, 1, NULL, 6, 2),
(28, '2018-11-06', '', '0.00', '0.00', 'CASH', 'boc', 342, 3, 1, 1, NULL, 6, 1),
(29, '2018-11-06', '', '0.00', '0.00', 'CASH', 'boc', 6777, 3, 1, 2, NULL, 6, 2),
(30, '2018-11-06', '', '0.00', '0.00', 'CASH', 'b', 4353, 3, 1, 1, NULL, 6, 4),
(31, '2018-11-06', '', '0.00', '0.00', 'CASH', 'boc', 324, 3, 1, 1, NULL, 6, 5),
(32, '2018-11-06', '', '0.00', '0.00', 'CASH', 'boc', 6777, 3, 1, 1, NULL, 6, 3),
(33, '2018-11-06', '', '810.00', '720.00', 'CASH', 'boc', 5555, 3, 1, 1, NULL, 6, 2),
(34, '2018-11-06', '', '0.00', '0.00', 'CASH', 'boc', 33, 3, 1, 1, NULL, 6, 2),
(35, '2018-11-06', 'sdf', '0.00', '0.00', 'CASH', 'boc', 324, 3, 1, 2, NULL, 6, 3),
(36, '2018-11-06', '', '0.00', '0.00', 'CASH', 'boc', 32423, 3, 1, 1, NULL, 6, 3),
(37, '2018-11-06', '', '0.00', '0.00', 'CASH', 'boc', 5555, 3, 1, 1, NULL, 6, 2),
(38, '2018-11-06', '', '0.00', '0.00', 'CASH', 'boc', 44, 3, 1, 1, NULL, 6, 3),
(39, '2018-11-06', '', '0.00', '0.00', 'CASH', 'b', 343, 3, 1, 1, NULL, 6, 2),
(40, '2018-11-06', '', '0.00', '0.00', 'CASH', 'boc', 343, 3, 1, 1, NULL, 6, 2),
(41, '2018-11-06', '', '0.00', '0.00', 'CASH', 'boc', 34534, 3, 1, 1, NULL, 6, 2),
(42, '2018-11-06', '', '0.00', '0.00', 'CASH', 'boc', 444, 3, 1, 1, NULL, 6, 2),
(43, '2018-11-06', '', '0.00', '0.00', 'CASH', 'boc', 342, 3, 1, 1, NULL, 6, 2),
(44, '2018-11-06', '', '0.00', '0.00', 'CASH', 'b', 778, 3, 1, 1, NULL, 6, 2),
(45, '2018-11-07', '', '0.00', '0.00', 'CASH', 'boc', 4353, 3, 1, 11, NULL, 6, 2),
(46, '2018-11-07', '', '0.00', '0.00', 'CASH', 'boc', 32423, 3, 1, 11, NULL, 6, 2),
(47, '2018-11-08', '', '0.00', '0.00', 'CASH', 'boc', 342, 3, 1, 6, NULL, 6, 1),
(48, '2018-11-08', '', '0.00', '0.00', 'CASH', 'boc', 342, 3, 1, 5, NULL, 6, 1),
(49, '2018-11-08', '433', '0.00', '0.00', 'CASH', 'boc', 3423, 3, 1, 4, NULL, 6, 2),
(50, '2018-11-08', '', '0.00', '0.00', 'CASH', 'boc', 33, 3, 1, 8, NULL, 6, 1),
(51, '2018-11-08', '', '0.00', '0.00', 'CASH', 'boc', 433, 3, 1, 6, NULL, 6, 1),
(52, '2018-11-08', '', '0.00', '0.00', 'CASH', 'boc', 6777, 3, 1, 1, NULL, 6, 1),
(53, '2018-11-08', '', '0.00', '0.00', 'CASH', 'b', 333333, 3, 1, 1, NULL, 6, 1),
(54, '2018-11-09', '', '0.00', '0.00', 'CASH', 'boc', 456546, 3, 1, 4, NULL, 6, 2),
(55, '2018-11-09', '', '0.00', '0.00', 'CASH', 'boc', 434, 3, 1, 1, NULL, 6, 1),
(56, '2018-11-09', '', '0.00', '0.00', 'CASH', 'b', 34534, 3, 1, 1, NULL, 6, 1),
(57, '2018-11-09', '', '0.00', '0.00', 'CASH', 'boc', 343, 3, 1, 2, NULL, 6, 5),
(58, '2018-11-11', '', '0.00', '0.00', 'CREDICARD', 'boc', 3423, 3, 1, 1, NULL, 6, 1),
(59, '2018-11-13', '', '0.00', '0.00', 'CASH', 'boc', 323, 3, 1, 1, NULL, 6, 1),
(60, '2018-11-13', '', '0.00', '0.00', 'CASH', 'b', 32, 3, 1, 1, NULL, 6, 1),
(61, '2018-11-14', '', '0.00', '0.00', 'CREDICARD', 'b', 3213, 3, 1, 1, NULL, 6, 1),
(63, '2018-11-14', '', '0.00', '0.00', 'CASH', 'peoples', 231, 3, 1, 1, NULL, 6, 1),
(64, '2018-11-18', '', '3000.00', '3000.00', 'CASH', '', NULL, 3, 1, 1, 1, 6, 1),
(65, '2018-11-18', '', '1190.00', '1190.00', 'CASH', '', NULL, 3, 1, 5, NULL, 6, 1),
(66, '2018-11-18', '', '1190.00', '1190.00', 'CASH', '', NULL, 3, 1, 1, NULL, 6, 1),
(67, '2018-11-18', '', '2000.00', '2000.00', 'CASH', '', NULL, 3, 1, 1, NULL, 6, 1),
(68, '2019-02-19', 'MEDICAL_PACKAGE  ', '2312.00', '232.00', 'CASH', 'boc', 32112, 3, 1, 1, 1, 6, 1),
(69, '2019-02-19', 'MEDICAL_PACKAGE  ', '1231.00', '23423.00', 'CASH', '', NULL, 3, 1, 1, 1, 6, 1),
(70, '2019-02-19', 'MEDICAL_PACKAGE  ', '121.00', '15000.00', 'CASH', '', NULL, 3, 1, 1, 1, 6, 1),
(71, '2019-02-19', 'MEDICAL_PACKAGE  ', '121.00', '1000.00', 'CASH', '', NULL, 3, 1, 1, 1, 6, 1),
(72, '2019-02-19', 'MEDICAL_PACKAGE  ', '121.00', '1800.00', 'CASH', '', NULL, 3, 1, 1, 1, 6, 1);

-- --------------------------------------------------------

--
-- Table structure for table `invoice_has_labtest`
--

CREATE TABLE `invoice_has_labtest` (
  `id` int(11) NOT NULL,
  `invoice_id` int(11) DEFAULT NULL,
  `labtest_id` int(11) DEFAULT NULL,
  `lab_test_status` varchar(255) NOT NULL,
  `created_at` datetime NOT NULL,
  `report_authorize_date_time` datetime DEFAULT NULL,
  `report_printed_date_time` datetime DEFAULT NULL,
  `report_re_printed_date_time` datetime DEFAULT NULL,
  `result_entered_date_time` datetime DEFAULT NULL,
  `sample_collected_date_time` datetime DEFAULT NULL,
  `work_sheet_taken_date_time` datetime DEFAULT NULL,
  `report_authorized_user_id` int(11) DEFAULT NULL,
  `report_printed_user_id` int(11) DEFAULT NULL,
  `report_re_printed_user_id` int(11) DEFAULT NULL,
  `result_entered_user_id` int(11) DEFAULT NULL,
  `sample_collecting_user_id` int(11) DEFAULT NULL,
  `user_id` int(11) DEFAULT NULL,
  `work_sheet_taken_user_id` int(11) DEFAULT NULL
) ENGINE=InnoDB DEFAULT CHARSET=utf8;

--
-- Dumping data for table `invoice_has_labtest`
--

INSERT INTO `invoice_has_labtest` (`id`, `invoice_id`, `labtest_id`, `lab_test_status`, `created_at`, `report_authorize_date_time`, `report_printed_date_time`, `report_re_printed_date_time`, `result_entered_date_time`, `sample_collected_date_time`, `work_sheet_taken_date_time`, `report_authorized_user_id`, `report_printed_user_id`, `report_re_printed_user_id`, `result_entered_user_id`, `sample_collecting_user_id`, `user_id`, `work_sheet_taken_user_id`) VALUES
(1, 15, 3, 'SAMPLECOLLECT', '2011-06-14 00:00:00', NULL, NULL, NULL, NULL, NULL, NULL, NULL, NULL, NULL, NULL, NULL, NULL, NULL),
(2, 16, 5, 'SAMPLECOLLECT', '2011-06-14 00:00:00', NULL, NULL, NULL, NULL, NULL, NULL, NULL, NULL, NULL, NULL, NULL, NULL, NULL),
(3, 17, 5, 'SAMPLECOLLECT', '2011-06-14 00:00:00', NULL, NULL, NULL, '2018-11-13 06:38:04', NULL, NULL, NULL, NULL, NULL, 2, NULL, NULL, NULL),
(4, 19, 5, 'SAMPLECOLLECT', '2011-06-14 00:00:00', NULL, NULL, NULL, NULL, NULL, NULL, NULL, NULL, NULL, NULL, NULL, NULL, NULL),
(5, 20, 5, 'SAMPLECOLLECT', '2011-06-14 00:00:00', NULL, NULL, NULL, NULL, NULL, NULL, NULL, NULL, NULL, NULL, NULL, NULL, NULL),
(6, 21, 5, 'SAMPLECOLLECT', '2011-06-14 00:00:00', NULL, NULL, NULL, NULL, NULL, NULL, NULL, NULL, NULL, NULL, NULL, NULL, NULL),
(7, 22, 3, 'SAMPLECOLLECT', '2018-11-08 21:25:31', NULL, NULL, NULL, NULL, NULL, NULL, NULL, NULL, NULL, NULL, NULL, NULL, NULL),
(8, 23, 4, 'SAMPLECOLLECT', '2011-06-14 00:00:00', NULL, NULL, NULL, NULL, NULL, NULL, NULL, NULL, NULL, NULL, NULL, NULL, NULL),
(9, 24, 4, 'SAMPLECOLLECT', '2011-06-14 00:00:00', NULL, NULL, NULL, NULL, NULL, NULL, NULL, NULL, NULL, NULL, NULL, NULL, NULL),
(10, 25, 5, 'SAMPLECOLLECT', '2011-06-14 00:00:00', NULL, NULL, NULL, NULL, '2019-02-19 08:55:51', NULL, NULL, NULL, NULL, NULL, 7, NULL, NULL),
(11, 26, 5, 'SAMPLECOLLECT', '2011-06-14 00:00:00', NULL, NULL, NULL, NULL, '2019-02-19 08:55:59', NULL, NULL, NULL, NULL, NULL, 7, NULL, NULL),
(12, 31, 10, 'SAMPLECOLLECT', '2011-06-14 00:00:00', NULL, NULL, NULL, NULL, '2019-02-19 08:56:06', NULL, NULL, NULL, NULL, NULL, 7, NULL, NULL),
(13, 32, 10, 'SAMPLECOLLECT', '2011-06-14 00:00:00', NULL, NULL, NULL, NULL, '2019-02-19 08:56:15', NULL, NULL, NULL, NULL, NULL, 7, NULL, NULL),
(14, 33, 10, 'SAMPLECOLLECT', '2011-06-14 00:00:00', NULL, NULL, NULL, NULL, '2019-02-19 08:56:22', NULL, NULL, NULL, NULL, NULL, 7, NULL, NULL),
(15, 34, 10, 'SAMPLECOLLECT', '2011-06-14 00:00:00', NULL, NULL, NULL, NULL, '2019-02-19 08:56:30', NULL, NULL, NULL, NULL, NULL, 7, NULL, NULL),
(16, 35, 9, 'NOSAMPLE', '2011-06-14 00:00:00', NULL, NULL, NULL, NULL, NULL, NULL, NULL, NULL, NULL, NULL, NULL, NULL, NULL),
(17, 36, 10, 'SAMPLECOLLECT', '2011-06-14 00:00:00', NULL, NULL, NULL, NULL, '2019-02-19 08:56:37', NULL, NULL, NULL, NULL, NULL, 7, NULL, NULL),
(18, 37, 10, 'SAMPLECOLLECT', '2011-06-14 00:00:00', NULL, NULL, NULL, NULL, '2019-02-19 08:56:50', NULL, NULL, NULL, NULL, NULL, 7, NULL, NULL),
(19, 38, 10, 'SAMPLECOLLECT', '2011-06-14 00:00:00', NULL, NULL, NULL, NULL, '2019-02-19 08:56:58', NULL, NULL, NULL, NULL, NULL, 7, NULL, NULL),
(20, 39, 10, 'SAMPLECOLLECT', '2011-06-14 00:00:00', NULL, NULL, NULL, NULL, '2019-02-19 08:57:22', NULL, NULL, NULL, NULL, NULL, 7, NULL, NULL),
(21, 40, 10, 'SAMPLECOLLECT', '2011-06-14 00:00:00', NULL, NULL, NULL, NULL, '2019-02-19 08:57:32', NULL, NULL, NULL, NULL, NULL, 7, NULL, NULL),
(22, 42, 1, 'SAMPLECOLLECT', '2011-06-14 00:00:00', NULL, NULL, NULL, NULL, '2019-02-19 08:58:03', NULL, NULL, NULL, NULL, NULL, 7, NULL, NULL),
(23, 42, 2, 'SAMPLECOLLECT', '2011-06-14 00:00:00', NULL, NULL, NULL, NULL, '2019-02-19 08:58:03', NULL, NULL, NULL, NULL, NULL, 7, NULL, NULL),
(24, 42, 3, 'SAMPLECOLLECT', '2011-06-14 00:00:00', NULL, NULL, NULL, NULL, '2019-02-19 08:58:03', NULL, NULL, NULL, NULL, NULL, 7, NULL, NULL),
(25, 42, 4, 'SAMPLECOLLECT', '2011-06-14 00:00:00', NULL, NULL, NULL, NULL, '2019-02-19 08:58:03', NULL, NULL, NULL, NULL, NULL, 7, NULL, NULL),
(26, 42, 5, 'SAMPLECOLLECT', '2011-06-14 00:00:00', NULL, NULL, NULL, NULL, '2019-02-19 08:58:03', NULL, NULL, NULL, NULL, NULL, 7, NULL, NULL),
(27, 42, 25, 'SAMPLECOLLECT', '2011-06-14 00:00:00', NULL, NULL, NULL, NULL, '2019-02-19 08:58:04', NULL, NULL, NULL, NULL, NULL, 7, NULL, NULL),
(28, 42, 26, 'SAMPLECOLLECT', '2011-06-14 00:00:00', NULL, NULL, NULL, NULL, '2019-02-19 08:58:04', NULL, NULL, NULL, NULL, NULL, 7, NULL, NULL),
(29, 42, 27, 'SAMPLECOLLECT', '2011-06-14 00:00:00', NULL, NULL, NULL, NULL, '2019-02-19 08:58:04', NULL, NULL, NULL, NULL, NULL, 7, NULL, NULL),
(30, 42, 28, 'AUTHORIZED', '2011-06-14 00:00:00', '2019-02-19 10:39:22', '2019-02-19 10:43:34', NULL, '2019-02-19 10:30:45', '2019-02-19 08:58:04', '2019-02-19 10:03:32', 2, 2, NULL, 5, 7, NULL, 5),
(31, 42, 29, 'SAMPLECOLLECT', '2011-06-14 00:00:00', NULL, NULL, NULL, NULL, '2019-02-19 08:58:04', NULL, NULL, NULL, NULL, NULL, 7, NULL, NULL),
(32, 42, 30, 'RESULTENTER', '2011-06-14 00:00:00', NULL, NULL, NULL, '2019-02-19 10:30:54', '2019-02-19 08:58:04', '2019-02-19 10:03:32', NULL, NULL, NULL, 5, 7, NULL, 5),
(33, 43, 1, 'SAMPLECOLLECT', '2011-06-14 00:00:00', NULL, NULL, NULL, NULL, '2019-02-19 09:00:29', NULL, NULL, NULL, NULL, NULL, 7, NULL, NULL),
(34, 43, 2, 'SAMPLECOLLECT', '2011-06-14 00:00:00', NULL, NULL, NULL, NULL, '2019-02-19 09:00:29', NULL, NULL, NULL, NULL, NULL, 7, NULL, NULL),
(35, 43, 3, 'SAMPLECOLLECT', '2011-06-14 00:00:00', NULL, NULL, NULL, NULL, '2019-02-19 09:00:29', NULL, NULL, NULL, NULL, NULL, 7, NULL, NULL),
(36, 43, 4, 'SAMPLECOLLECT', '2011-06-14 00:00:00', NULL, NULL, NULL, NULL, '2019-02-19 09:00:29', NULL, NULL, NULL, NULL, NULL, 7, NULL, NULL),
(37, 43, 5, 'SAMPLECOLLECT', '2011-06-14 00:00:00', NULL, NULL, NULL, NULL, '2019-02-19 09:00:29', NULL, NULL, NULL, NULL, NULL, 7, NULL, NULL),
(38, 43, 21, 'SAMPLECOLLECT', '2011-06-14 00:00:00', NULL, NULL, NULL, NULL, '2019-02-19 09:00:29', NULL, NULL, NULL, NULL, NULL, 7, NULL, NULL),
(39, 43, 22, 'SAMPLECOLLECT', '2011-06-14 00:00:00', NULL, NULL, NULL, NULL, '2019-02-19 09:00:29', NULL, NULL, NULL, NULL, NULL, 7, NULL, NULL),
(40, 43, 23, 'SAMPLECOLLECT', '2011-06-14 00:00:00', NULL, NULL, NULL, NULL, '2019-02-19 09:00:29', NULL, NULL, NULL, NULL, NULL, 7, NULL, NULL),
(41, 44, 1, 'SAMPLECOLLECT', '2011-06-14 00:00:00', NULL, NULL, NULL, NULL, '2019-02-19 09:00:46', NULL, NULL, NULL, NULL, NULL, 7, NULL, NULL),
(42, 44, 2, 'SAMPLECOLLECT', '2011-06-14 00:00:00', NULL, NULL, NULL, NULL, '2019-02-19 09:00:46', NULL, NULL, NULL, NULL, NULL, 7, NULL, NULL),
(43, 44, 3, 'SAMPLECOLLECT', '2011-06-14 00:00:00', NULL, NULL, NULL, NULL, '2019-02-19 09:00:46', NULL, NULL, NULL, NULL, NULL, 7, NULL, NULL),
(44, 44, 4, 'SAMPLECOLLECT', '2011-06-14 00:00:00', NULL, NULL, NULL, NULL, '2019-02-19 09:00:46', NULL, NULL, NULL, NULL, NULL, 7, NULL, NULL),
(45, 44, 5, 'SAMPLECOLLECT', '2011-06-14 00:00:00', NULL, NULL, NULL, NULL, '2019-02-19 09:00:46', NULL, NULL, NULL, NULL, NULL, 7, NULL, NULL),
(46, 44, 27, 'SAMPLECOLLECT', '2011-06-14 00:00:00', NULL, NULL, NULL, NULL, '2019-02-19 09:00:46', NULL, NULL, NULL, NULL, NULL, 7, NULL, NULL),
(47, 44, 28, 'RESULTENTER', '2011-06-14 00:00:00', NULL, NULL, NULL, '2019-02-19 10:31:02', '2019-02-19 09:00:46', '2019-02-19 10:03:32', NULL, NULL, NULL, 5, 7, NULL, 5),
(48, 44, 29, 'SAMPLECOLLECT', '2011-06-14 00:00:00', NULL, NULL, NULL, NULL, '2019-02-19 09:00:46', NULL, NULL, NULL, NULL, NULL, 7, NULL, NULL),
(49, 44, 30, 'RESULTENTER', '2011-06-14 00:00:00', NULL, NULL, NULL, '2019-02-19 10:31:08', '2019-02-19 09:00:46', '2019-02-19 10:03:32', NULL, NULL, NULL, 5, 7, NULL, 5),
(50, 46, 1, 'SAMPLECOLLECT', '2018-11-07 00:00:00', NULL, NULL, NULL, NULL, NULL, NULL, NULL, NULL, NULL, NULL, NULL, NULL, NULL),
(51, 46, 2, 'SAMPLECOLLECT', '2018-11-07 00:00:00', NULL, NULL, NULL, NULL, NULL, NULL, NULL, NULL, NULL, NULL, NULL, NULL, NULL),
(52, 46, 3, 'SAMPLECOLLECT', '2018-11-07 00:00:00', NULL, NULL, NULL, NULL, NULL, NULL, NULL, NULL, NULL, NULL, NULL, NULL, NULL),
(53, 46, 4, 'SAMPLECOLLECT', '2018-11-07 00:00:00', NULL, NULL, NULL, NULL, NULL, NULL, NULL, NULL, NULL, NULL, NULL, NULL, NULL),
(54, 46, 5, 'SAMPLECOLLECT', '2018-11-07 00:00:00', NULL, NULL, NULL, NULL, NULL, NULL, NULL, NULL, NULL, NULL, NULL, NULL, NULL),
(55, 46, 9, 'SAMPLECOLLECT', '2018-11-07 00:00:00', NULL, NULL, NULL, NULL, NULL, NULL, NULL, NULL, NULL, NULL, NULL, NULL, NULL),
(56, 46, 10, 'SAMPLECOLLECT', '2018-11-07 00:00:00', NULL, NULL, NULL, NULL, NULL, NULL, NULL, NULL, NULL, NULL, NULL, NULL, NULL),
(57, 46, 11, 'SAMPLECOLLECT', '2018-11-07 00:00:00', NULL, NULL, NULL, NULL, NULL, NULL, NULL, NULL, NULL, NULL, NULL, NULL, NULL),
(58, 46, 12, 'SAMPLECOLLECT', '2018-11-07 00:00:00', NULL, NULL, NULL, NULL, NULL, NULL, NULL, NULL, NULL, NULL, NULL, NULL, NULL),
(59, 46, 13, 'SAMPLECOLLECT', '2018-11-07 00:00:00', NULL, NULL, NULL, NULL, NULL, NULL, NULL, NULL, NULL, NULL, NULL, NULL, NULL),
(60, 46, 14, 'SAMPLECOLLECT', '2018-11-07 00:00:00', NULL, NULL, NULL, NULL, NULL, NULL, NULL, NULL, NULL, NULL, NULL, NULL, NULL),
(61, 47, 1, 'SAMPLECOLLECT', '2018-11-08 00:00:00', NULL, NULL, NULL, NULL, NULL, NULL, NULL, NULL, NULL, NULL, NULL, NULL, NULL),
(62, 47, 2, 'SAMPLECOLLECT', '2018-11-08 00:00:00', NULL, NULL, NULL, NULL, NULL, NULL, NULL, NULL, NULL, NULL, NULL, NULL, NULL),
(63, 47, 3, 'SAMPLECOLLECT', '2018-11-08 00:00:00', NULL, NULL, NULL, NULL, NULL, NULL, NULL, NULL, NULL, NULL, NULL, NULL, NULL),
(64, 47, 4, 'SAMPLECOLLECT', '2018-11-08 00:00:00', NULL, NULL, NULL, NULL, NULL, NULL, NULL, NULL, NULL, NULL, NULL, NULL, NULL),
(65, 47, 5, 'SAMPLECOLLECT', '2018-11-08 00:00:00', NULL, NULL, NULL, NULL, NULL, NULL, NULL, NULL, NULL, NULL, NULL, NULL, NULL),
(66, 47, 11, 'SAMPLECOLLECT', '2018-11-08 00:00:00', NULL, NULL, NULL, NULL, NULL, NULL, NULL, NULL, NULL, NULL, NULL, NULL, NULL),
(67, 47, 12, 'SAMPLECOLLECT', '2018-11-08 00:00:00', NULL, NULL, NULL, NULL, NULL, NULL, NULL, NULL, NULL, NULL, NULL, NULL, NULL),
(68, 48, 1, 'AUTHORIZED', '2018-11-08 10:32:59', '2018-11-25 13:27:33', '2019-01-25 16:06:25', NULL, '2018-11-08 10:32:59', '2018-11-08 10:32:59', '2018-11-08 10:32:59', 2, 2, NULL, 2, NULL, NULL, NULL),
(69, 48, 2, 'SAMPLECOLLECT', '2018-11-08 10:32:59', NULL, NULL, NULL, '2018-11-08 10:32:59', '2018-11-08 10:32:59', NULL, NULL, NULL, NULL, NULL, NULL, NULL, NULL),
(70, 48, 3, 'SAMPLECOLLECT', '2018-11-08 10:32:59', NULL, NULL, NULL, NULL, NULL, NULL, NULL, NULL, NULL, NULL, NULL, NULL, NULL),
(71, 48, 4, 'SAMPLECOLLECT', '2018-11-08 10:32:59', NULL, NULL, NULL, NULL, NULL, NULL, NULL, NULL, NULL, 2, NULL, NULL, NULL),
(72, 48, 5, 'SAMPLECOLLECT', '2018-11-08 10:32:59', NULL, NULL, NULL, NULL, NULL, NULL, NULL, NULL, NULL, NULL, NULL, NULL, NULL),
(73, 48, 14, 'SAMPLECOLLECT', '2018-11-08 10:32:59', NULL, NULL, NULL, NULL, NULL, NULL, NULL, NULL, NULL, NULL, NULL, NULL, NULL),
(74, 48, 15, 'SAMPLECOLLECT', '2018-11-08 10:32:59', NULL, NULL, NULL, NULL, NULL, NULL, NULL, NULL, NULL, NULL, NULL, NULL, NULL),
(75, 49, 1, 'SAMPLECOLLECT', '2018-11-08 15:55:24', NULL, NULL, NULL, NULL, NULL, NULL, NULL, NULL, NULL, NULL, NULL, NULL, NULL),
(76, 49, 2, 'SAMPLECOLLECT', '2018-11-08 15:55:24', NULL, NULL, NULL, NULL, NULL, NULL, NULL, NULL, NULL, NULL, NULL, NULL, NULL),
(77, 49, 3, 'SAMPLECOLLECT', '2018-11-08 15:55:24', NULL, NULL, NULL, NULL, NULL, NULL, NULL, NULL, NULL, NULL, NULL, NULL, NULL),
(78, 49, 4, 'SAMPLECOLLECT', '2018-11-08 15:55:24', NULL, NULL, NULL, NULL, NULL, NULL, NULL, NULL, NULL, NULL, NULL, NULL, NULL),
(79, 49, 5, 'SAMPLECOLLECT', '2018-11-08 15:55:24', NULL, NULL, NULL, NULL, NULL, NULL, NULL, NULL, NULL, NULL, NULL, NULL, NULL),
(80, 49, 10, 'SAMPLECOLLECT', '2018-11-08 15:55:24', NULL, NULL, NULL, NULL, NULL, NULL, NULL, NULL, NULL, NULL, NULL, NULL, NULL),
(81, 49, 11, 'SAMPLECOLLECT', '2018-11-08 15:55:24', NULL, NULL, NULL, NULL, NULL, NULL, NULL, NULL, NULL, NULL, NULL, NULL, NULL),
(82, 49, 12, 'SAMPLECOLLECT', '2018-11-08 15:55:24', NULL, NULL, NULL, NULL, NULL, NULL, NULL, NULL, NULL, NULL, NULL, NULL, NULL),
(83, 50, 1, 'SAMPLECOLLECT', '2018-11-08 21:28:48', NULL, NULL, NULL, NULL, NULL, NULL, NULL, NULL, NULL, NULL, NULL, NULL, NULL),
(84, 51, 299, 'AUTHORIZED', '2018-11-08 23:24:19', '2018-11-13 06:44:46', '2018-11-17 14:38:05', NULL, '2018-11-12 07:18:42', '2018-11-09 14:30:38', NULL, 2, 2, NULL, 2, NULL, NULL, 2),
(85, 52, 156, 'AUTHORIZED', '2018-11-08 23:51:04', '2018-11-13 07:41:00', '2018-11-18 09:17:52', NULL, NULL, '2018-11-09 14:45:51', NULL, 5, 2, NULL, NULL, NULL, NULL, 2),
(86, 53, 189, 'SAMPLECOLLECT', '2018-11-08 23:58:12', NULL, NULL, NULL, NULL, NULL, NULL, NULL, NULL, NULL, NULL, NULL, NULL, NULL),
(87, 54, 1, 'SAMPLECOLLECT', '2018-11-09 00:04:21', NULL, NULL, NULL, NULL, NULL, NULL, NULL, NULL, NULL, NULL, NULL, NULL, NULL),
(88, 54, 2, 'SAMPLECOLLECT', '2018-11-09 00:04:21', NULL, NULL, NULL, NULL, NULL, NULL, NULL, NULL, NULL, NULL, NULL, NULL, NULL),
(89, 54, 3, 'SAMPLECOLLECT', '2018-11-09 00:04:21', NULL, NULL, NULL, NULL, NULL, NULL, NULL, NULL, NULL, NULL, NULL, NULL, NULL),
(90, 54, 4, 'SAMPLECOLLECT', '2018-11-09 00:04:21', NULL, NULL, NULL, NULL, NULL, NULL, NULL, NULL, NULL, NULL, NULL, NULL, NULL),
(91, 54, 5, 'SAMPLECOLLECT', '2018-11-09 00:04:21', NULL, NULL, NULL, NULL, NULL, NULL, NULL, NULL, NULL, NULL, NULL, NULL, NULL),
(92, 55, 1, 'SAMPLECOLLECT', '2018-11-09 00:12:45', NULL, NULL, NULL, NULL, NULL, NULL, NULL, NULL, NULL, NULL, NULL, NULL, NULL),
(93, 55, 2, 'SAMPLECOLLECT', '2018-11-09 00:12:45', NULL, NULL, NULL, NULL, NULL, NULL, NULL, NULL, NULL, NULL, NULL, NULL, NULL),
(94, 55, 3, 'SAMPLECOLLECT', '2018-11-09 00:12:45', NULL, NULL, NULL, NULL, NULL, NULL, NULL, NULL, NULL, NULL, NULL, NULL, NULL),
(95, 55, 4, 'SAMPLECOLLECT', '2018-11-09 00:12:45', NULL, NULL, NULL, NULL, NULL, NULL, NULL, NULL, NULL, NULL, NULL, NULL, NULL),
(96, 55, 5, 'SAMPLECOLLECT', '2018-11-09 00:12:45', NULL, NULL, NULL, NULL, NULL, NULL, NULL, NULL, NULL, NULL, NULL, NULL, NULL),
(97, 55, 6, 'SAMPLECOLLECT', '2018-11-09 00:12:46', NULL, NULL, NULL, NULL, NULL, NULL, NULL, NULL, NULL, NULL, NULL, NULL, NULL),
(98, 55, 7, 'SAMPLECOLLECT', '2018-11-09 00:12:46', NULL, NULL, NULL, NULL, NULL, NULL, NULL, NULL, NULL, NULL, NULL, NULL, NULL),
(99, 56, 33, 'SAMPLECOLLECT', '2018-11-09 00:30:26', NULL, NULL, NULL, NULL, NULL, NULL, NULL, NULL, NULL, NULL, NULL, NULL, NULL),
(100, 56, 34, 'SAMPLECOLLECT', '2018-11-09 00:30:26', NULL, NULL, NULL, NULL, NULL, NULL, NULL, NULL, NULL, NULL, NULL, NULL, NULL),
(101, 56, 35, 'SAMPLECOLLECT', '2018-11-09 00:30:26', NULL, NULL, NULL, NULL, NULL, NULL, NULL, NULL, NULL, NULL, NULL, NULL, NULL),
(102, 56, 36, 'SAMPLECOLLECT', '2018-11-09 00:30:27', NULL, NULL, NULL, NULL, NULL, NULL, NULL, NULL, NULL, NULL, NULL, NULL, NULL),
(103, 56, 37, 'SAMPLECOLLECT', '2018-11-09 00:30:27', NULL, NULL, NULL, NULL, NULL, NULL, NULL, NULL, NULL, NULL, NULL, NULL, NULL),
(104, 56, 38, 'SAMPLECOLLECT', '2018-11-09 00:30:27', NULL, NULL, NULL, NULL, NULL, NULL, NULL, NULL, NULL, NULL, NULL, NULL, NULL),
(105, 56, 39, 'SAMPLECOLLECT', '2018-11-09 00:30:27', NULL, NULL, NULL, NULL, NULL, NULL, NULL, NULL, NULL, NULL, NULL, NULL, NULL),
(106, 56, 40, 'SAMPLECOLLECT', '2018-11-09 00:30:27', NULL, NULL, NULL, NULL, NULL, NULL, NULL, NULL, NULL, NULL, NULL, NULL, NULL),
(107, 56, 41, 'SAMPLECOLLECT', '2018-11-09 00:30:27', NULL, NULL, NULL, NULL, NULL, NULL, NULL, NULL, NULL, NULL, NULL, NULL, NULL),
(108, 56, 42, 'AUTHORIZED', '2018-11-09 00:30:27', '2018-11-13 08:11:21', NULL, NULL, NULL, '2018-11-09 17:33:43', NULL, 5, NULL, NULL, NULL, NULL, NULL, 2),
(109, 56, 43, 'SAMPLECOLLECT', '2018-11-09 00:30:27', NULL, NULL, NULL, NULL, NULL, NULL, NULL, NULL, NULL, NULL, NULL, NULL, NULL),
(110, 56, 44, 'SAMPLECOLLECT', '2018-11-09 00:30:27', NULL, NULL, NULL, NULL, NULL, NULL, NULL, NULL, NULL, NULL, NULL, NULL, NULL),
(111, 56, 45, 'SAMPLECOLLECT', '2018-11-09 00:30:27', NULL, NULL, NULL, NULL, NULL, NULL, NULL, NULL, NULL, NULL, NULL, NULL, NULL),
(112, 56, 46, 'SAMPLECOLLECT', '2018-11-09 00:30:27', NULL, NULL, NULL, NULL, NULL, NULL, NULL, NULL, NULL, NULL, NULL, NULL, NULL),
(113, 56, 47, 'SAMPLECOLLECT', '2018-11-09 00:30:27', NULL, NULL, NULL, NULL, NULL, NULL, NULL, NULL, NULL, NULL, NULL, NULL, NULL),
(114, 56, 48, 'SAMPLECOLLECT', '2018-11-09 00:30:27', NULL, NULL, NULL, NULL, NULL, NULL, NULL, NULL, NULL, NULL, NULL, NULL, NULL),
(115, 56, 49, 'SAMPLECOLLECT', '2018-11-09 00:30:27', NULL, NULL, NULL, NULL, NULL, NULL, NULL, NULL, NULL, NULL, NULL, NULL, NULL),
(116, 56, 50, 'SAMPLECOLLECT', '2018-11-09 00:30:27', NULL, NULL, NULL, NULL, NULL, NULL, NULL, NULL, NULL, NULL, NULL, NULL, NULL),
(117, 56, 51, 'SAMPLECOLLECT', '2018-11-09 00:30:27', NULL, NULL, NULL, NULL, NULL, NULL, NULL, NULL, NULL, NULL, NULL, NULL, NULL),
(118, 56, 52, 'SAMPLECOLLECT', '2018-11-09 00:30:27', NULL, NULL, NULL, NULL, NULL, NULL, NULL, NULL, NULL, NULL, NULL, NULL, NULL),
(119, 57, 1, 'SAMPLECOLLECT', '2018-11-09 15:01:42', NULL, NULL, NULL, NULL, '2018-11-09 15:02:54', NULL, NULL, NULL, NULL, NULL, 7, NULL, NULL),
(120, 57, 2, 'SAMPLECOLLECT', '2018-11-09 15:01:42', NULL, NULL, NULL, NULL, '2018-11-09 15:02:54', NULL, NULL, NULL, NULL, NULL, 7, NULL, NULL),
(121, 57, 3, 'SAMPLECOLLECT', '2018-11-09 15:01:42', NULL, NULL, NULL, NULL, '2018-11-09 15:02:54', NULL, NULL, NULL, NULL, NULL, 7, NULL, NULL),
(122, 57, 4, 'SAMPLECOLLECT', '2018-11-09 15:01:42', NULL, NULL, NULL, NULL, '2018-11-09 15:02:54', NULL, NULL, NULL, NULL, NULL, 7, NULL, NULL),
(123, 57, 5, 'SAMPLECOLLECT', '2018-11-09 15:01:42', NULL, NULL, NULL, NULL, '2018-11-09 15:02:54', NULL, NULL, NULL, NULL, NULL, 7, NULL, NULL),
(124, 57, 28, 'AUTHORIZED', '2018-11-09 15:01:42', '2019-01-25 16:03:35', '2019-01-25 16:24:42', NULL, '2019-01-25 15:54:18', '2018-11-09 17:33:43', NULL, 2, 2, NULL, 2, 7, NULL, 2),
(125, 57, 30, 'AUTHORIZED', '2018-11-09 15:01:42', '2019-02-19 10:39:31', NULL, NULL, '2019-02-19 10:29:59', '2018-11-09 15:02:54', '2019-02-19 10:03:32', 2, NULL, NULL, 5, 7, NULL, 5),
(126, 57, 32, 'RESULTENTER', '2018-11-09 15:01:42', NULL, NULL, NULL, '2019-02-19 10:31:13', '2018-11-09 15:02:54', '2019-02-19 10:03:32', NULL, NULL, NULL, 5, 7, NULL, 5),
(127, 57, 42, 'RESULTENTER', '2018-11-09 15:01:42', NULL, NULL, NULL, '2019-02-19 10:31:22', '2018-11-09 15:03:57', NULL, NULL, NULL, NULL, 5, 7, NULL, 2),
(128, 57, 65, 'RESULTENTER', '2018-11-09 15:01:42', NULL, NULL, NULL, '2019-02-19 10:31:31', '2018-11-09 15:03:57', NULL, NULL, NULL, NULL, 5, 7, NULL, 2),
(129, 57, 85, 'RESULTENTER', '2018-11-09 15:01:43', NULL, NULL, NULL, '2019-02-19 10:31:42', '2018-11-09 15:03:57', NULL, NULL, NULL, NULL, 5, 7, NULL, 2),
(130, 57, 87, 'RESULTENTER', '2018-11-09 15:01:43', NULL, NULL, NULL, '2019-02-19 10:31:50', '2018-11-09 15:02:55', '2019-02-19 10:03:32', NULL, NULL, NULL, 5, 7, NULL, 5),
(131, 57, 100, 'RESULTENTER', '2018-11-09 15:01:43', NULL, NULL, NULL, '2019-02-19 10:32:08', '2018-11-09 15:02:55', '2019-02-19 10:03:32', NULL, NULL, NULL, 5, 7, NULL, 5),
(132, 57, 113, 'SAMPLECOLLECT', '2018-11-09 15:01:43', NULL, NULL, NULL, NULL, '2018-11-09 15:02:55', NULL, NULL, NULL, NULL, NULL, 7, NULL, NULL),
(133, 57, 156, 'RESULTENTER', '2018-11-09 15:01:43', NULL, NULL, NULL, '2019-02-19 10:33:49', '2018-11-09 15:02:55', '2019-02-19 10:03:32', NULL, NULL, NULL, 5, 7, NULL, 5),
(134, 57, 158, 'RESULTENTER', '2018-11-09 15:01:43', NULL, NULL, NULL, '2019-02-19 16:42:54', '2018-11-09 15:02:55', '2019-02-19 10:03:33', NULL, NULL, NULL, 2, 7, NULL, 5),
(135, 57, 162, 'RESULTENTER', '2018-11-09 15:01:43', NULL, NULL, NULL, '2019-02-19 16:45:38', '2018-11-09 15:02:55', '2019-02-19 10:03:33', NULL, NULL, NULL, 2, 7, NULL, 5),
(136, 57, 173, 'RESULTENTER', '2018-11-09 15:01:43', NULL, NULL, NULL, '2019-02-19 16:53:19', '2018-11-09 15:02:55', '2019-02-19 10:03:33', NULL, NULL, NULL, 2, 7, NULL, 5),
(137, 57, 190, 'RESULTENTER', '2018-11-09 15:01:43', NULL, NULL, NULL, '2019-02-19 16:53:27', '2018-11-09 15:02:56', '2019-02-19 10:03:33', NULL, NULL, NULL, 2, 7, NULL, 5),
(138, 57, 204, 'RESULTENTER', '2018-11-09 15:01:43', NULL, NULL, NULL, '2019-02-19 16:53:35', '2018-11-09 15:02:56', '2019-02-19 10:03:33', NULL, NULL, NULL, 2, 7, NULL, 5),
(139, 57, 211, 'RESULTENTER', '2018-11-09 15:01:43', NULL, NULL, NULL, '2019-02-19 16:53:43', '2018-11-09 15:02:56', '2019-02-19 10:03:33', NULL, NULL, NULL, 2, 7, NULL, 5),
(140, 57, 219, 'RESULTENTER', '2018-11-09 15:01:43', NULL, NULL, NULL, '2019-02-19 16:54:20', '2018-11-09 15:02:56', '2019-02-19 10:03:33', NULL, NULL, NULL, 2, 7, NULL, 5),
(141, 57, 245, 'RESULTENTER', '2018-11-09 15:01:43', NULL, NULL, NULL, '2019-02-19 17:01:22', '2018-11-09 15:02:56', '2019-02-19 10:03:33', NULL, NULL, NULL, 2, 7, NULL, 5),
(142, 57, 246, 'RESULTENTER', '2018-11-09 15:01:43', NULL, NULL, NULL, '2019-02-19 17:05:15', '2018-11-13 21:57:57', NULL, NULL, NULL, NULL, 2, 7, NULL, 5),
(143, 57, 247, 'WORKSHEET', '2018-11-09 15:01:43', NULL, NULL, NULL, NULL, '2018-11-13 21:57:57', NULL, NULL, NULL, NULL, NULL, 7, NULL, 5),
(144, 57, 261, 'AUTHORIZED', '2018-11-09 15:01:43', '2018-11-13 07:23:55', NULL, NULL, NULL, '2018-11-12 07:22:31', NULL, 5, NULL, NULL, NULL, 7, NULL, 2),
(145, 57, 270, 'RESULTENTER', '2018-11-09 15:01:43', NULL, NULL, NULL, '2019-02-19 17:05:22', '2018-11-13 21:57:57', NULL, NULL, NULL, NULL, 2, 7, NULL, 5),
(146, 57, 271, 'RESULTENTER', '2018-11-09 15:01:43', NULL, NULL, NULL, '2019-02-19 17:07:40', '2018-11-13 21:57:57', NULL, NULL, NULL, NULL, 2, 7, NULL, 5),
(147, 58, 15, 'SAMPLECOLLECT', '2018-11-11 19:37:15', NULL, NULL, NULL, NULL, '2019-02-19 09:00:54', NULL, NULL, NULL, NULL, NULL, 7, NULL, NULL),
(148, 58, 16, 'SAMPLECOLLECT', '2018-11-11 19:37:15', NULL, NULL, NULL, NULL, '2019-02-19 09:00:54', NULL, NULL, NULL, NULL, NULL, 7, NULL, NULL),
(149, 58, 17, 'SAMPLECOLLECT', '2018-11-11 19:37:15', NULL, NULL, NULL, NULL, '2019-02-19 09:00:54', NULL, NULL, NULL, NULL, NULL, 7, NULL, NULL),
(150, 59, 287, 'AUTHORIZED', '2018-11-13 10:51:02', '2018-11-13 10:55:05', '2018-11-18 09:16:20', NULL, NULL, '2018-11-13 10:52:01', '2018-11-13 21:57:58', 2, 2, NULL, NULL, 7, 6, 2),
(151, 60, 1, 'WORKSHEET', '2018-11-13 21:55:27', NULL, NULL, NULL, NULL, '2018-11-13 21:57:57', '2018-11-13 21:57:58', NULL, NULL, NULL, NULL, 7, 6, 5),
(152, 60, 2, 'WORKSHEET', '2018-11-13 21:55:27', NULL, NULL, NULL, NULL, '2018-11-13 21:57:57', '2018-11-13 21:57:58', NULL, NULL, NULL, NULL, 7, 6, 5),
(153, 60, 3, 'WORKSHEET', '2018-11-13 21:55:27', NULL, NULL, NULL, NULL, '2018-11-13 21:57:57', '2018-11-13 21:57:58', NULL, NULL, NULL, NULL, 7, 6, 5),
(154, 60, 4, 'WORKSHEET', '2018-11-13 21:55:28', NULL, NULL, NULL, NULL, '2018-11-13 21:57:57', '2018-11-13 21:57:58', NULL, NULL, NULL, NULL, 7, 6, 5),
(155, 60, 5, 'WORKSHEET', '2018-11-13 21:55:28', NULL, NULL, NULL, NULL, '2018-11-13 21:57:57', '2018-11-13 21:57:58', NULL, NULL, NULL, NULL, 7, 6, 5),
(156, 60, 287, 'WORKSHEET', '2018-11-13 21:55:28', NULL, NULL, NULL, NULL, '2018-11-13 21:57:58', '2018-11-13 21:57:58', NULL, NULL, NULL, NULL, 7, 6, 5),
(157, 61, 1, 'SAMPLECOLLECT', '2018-11-14 09:21:28', NULL, NULL, NULL, NULL, '2018-11-14 09:22:29', NULL, NULL, NULL, NULL, NULL, 7, 6, NULL),
(158, 61, 2, 'SAMPLECOLLECT', '2018-11-14 09:21:28', NULL, NULL, NULL, NULL, '2018-11-14 09:22:29', NULL, NULL, NULL, NULL, NULL, 7, 6, NULL),
(159, 61, 3, 'SAMPLECOLLECT', '2018-11-14 09:21:29', NULL, NULL, NULL, NULL, '2018-11-14 09:22:29', NULL, NULL, NULL, NULL, NULL, 7, 6, NULL),
(160, 61, 4, 'WORKSHEET', '2018-11-14 09:21:29', NULL, NULL, NULL, NULL, '2018-11-14 09:22:30', '2018-11-14 09:45:47', NULL, NULL, NULL, NULL, 7, 6, 5),
(161, 61, 5, 'WORKSHEET', '2018-11-14 09:21:29', NULL, NULL, NULL, NULL, '2018-11-14 09:22:30', '2018-11-14 09:45:47', NULL, NULL, NULL, NULL, 7, 6, 5),
(162, 61, 287, 'AUTHORIZED', '2018-11-14 09:21:29', '2018-11-25 13:34:18', '2018-11-26 11:19:40', NULL, '2018-11-25 13:32:25', '2018-11-14 09:22:30', '2018-11-14 09:45:47', 2, 2, NULL, 2, 7, 6, 5),
(171, 63, 1, 'SAMPLECOLLECT', '2018-11-14 18:55:47', NULL, NULL, NULL, NULL, '2019-02-19 09:29:26', NULL, NULL, NULL, NULL, NULL, 7, 6, NULL),
(172, 63, 2, 'SAMPLECOLLECT', '2018-11-14 18:55:47', NULL, NULL, NULL, NULL, '2019-02-19 09:29:46', NULL, NULL, NULL, NULL, NULL, 7, 6, NULL),
(173, 63, 3, 'SAMPLECOLLECT', '2018-11-14 18:55:47', NULL, NULL, NULL, NULL, '2019-02-19 09:29:46', NULL, NULL, NULL, NULL, NULL, 7, 6, NULL),
(174, 63, 4, 'SAMPLECOLLECT', '2018-11-14 18:55:47', NULL, NULL, NULL, NULL, '2019-02-19 09:29:46', NULL, NULL, NULL, NULL, NULL, 7, 6, NULL),
(175, 63, 5, 'SAMPLECOLLECT', '2018-11-14 18:55:47', NULL, NULL, NULL, NULL, '2019-02-19 09:29:47', NULL, NULL, NULL, NULL, NULL, 7, 6, NULL),
(176, 63, 647, 'SAMPLECOLLECT', '2018-11-14 18:55:47', NULL, NULL, NULL, NULL, '2019-02-19 09:29:47', NULL, NULL, NULL, NULL, NULL, 7, 6, NULL),
(177, 63, 667, 'SAMPLECOLLECT', '2018-11-14 18:55:47', NULL, NULL, NULL, NULL, '2019-02-19 09:29:47', NULL, NULL, NULL, NULL, NULL, 7, 6, NULL),
(178, 63, 677, 'SAMPLECOLLECT', '2018-11-14 18:55:47', NULL, NULL, NULL, NULL, '2019-02-19 09:29:47', NULL, NULL, NULL, NULL, NULL, 7, 6, NULL),
(179, 63, 700, 'SAMPLECOLLECT', '2018-11-14 18:55:47', NULL, NULL, NULL, NULL, '2019-02-19 09:29:47', NULL, NULL, NULL, NULL, NULL, 7, 6, NULL),
(180, 63, 701, 'SAMPLECOLLECT', '2018-11-14 18:55:47', NULL, NULL, NULL, NULL, '2019-02-19 09:29:47', NULL, NULL, NULL, NULL, NULL, 7, 6, NULL),
(181, 63, 702, 'SAMPLECOLLECT', '2018-11-14 18:55:47', NULL, NULL, NULL, NULL, '2019-02-19 09:29:47', NULL, NULL, NULL, NULL, NULL, 7, 6, NULL),
(182, 63, 703, 'SAMPLECOLLECT', '2018-11-14 18:55:47', NULL, NULL, NULL, NULL, '2019-02-19 09:29:47', NULL, NULL, NULL, NULL, NULL, 7, 6, NULL),
(183, 63, 704, 'SAMPLECOLLECT', '2018-11-14 18:55:47', NULL, NULL, NULL, NULL, '2019-02-19 09:29:48', NULL, NULL, NULL, NULL, NULL, 7, 6, NULL),
(184, 64, 156, 'WORKSHEET', '2018-11-18 00:00:00', NULL, NULL, NULL, NULL, '2019-02-19 09:29:55', '2019-02-19 10:03:33', NULL, NULL, NULL, NULL, 7, 6, 5),
(185, 65, 156, 'NOSAMPLE', '2018-11-18 00:00:00', NULL, NULL, NULL, NULL, NULL, NULL, NULL, NULL, NULL, NULL, NULL, 6, NULL),
(186, 66, 113, 'SAMPLECOLLECT', '2018-11-18 00:00:00', NULL, NULL, NULL, NULL, '2019-02-19 09:24:41', NULL, NULL, NULL, NULL, NULL, 7, 6, NULL),
(187, 67, 156, 'AUTHORIZED', '2018-11-18 00:00:00', '2018-11-18 09:12:58', NULL, NULL, '2018-11-18 09:11:19', '2018-11-18 09:08:53', '2018-11-18 09:09:56', 2, NULL, NULL, 5, 7, 6, 5),
(188, 68, 76, 'SAMPLECOLLECT', '2019-02-19 00:00:00', NULL, NULL, NULL, NULL, '2019-02-19 09:24:32', NULL, NULL, NULL, NULL, NULL, 7, 6, NULL),
(189, 68, 156, 'WORKSHEET', '2019-02-19 00:00:00', NULL, NULL, NULL, NULL, '2019-02-19 09:24:32', '2019-02-19 10:03:33', NULL, NULL, NULL, NULL, 7, 6, 5),
(190, 68, 287, 'WORKSHEET', '2019-02-19 00:00:00', NULL, NULL, NULL, NULL, '2019-02-19 09:24:32', '2019-02-19 10:03:33', NULL, NULL, NULL, NULL, 7, 6, 5),
(191, 68, 189, 'SAMPLECOLLECT', '2019-02-19 00:00:00', NULL, NULL, NULL, NULL, '2019-02-19 09:24:32', NULL, NULL, NULL, NULL, NULL, 7, 6, NULL),
(192, 68, 261, 'WORKSHEET', '2019-02-19 00:00:00', NULL, NULL, NULL, NULL, '2019-02-19 09:24:32', '2019-02-19 10:03:33', NULL, NULL, NULL, NULL, 7, 6, 5),
(193, 68, 284, 'WORKSHEET', '2019-02-19 00:00:00', NULL, NULL, NULL, NULL, '2019-02-19 09:24:33', '2019-02-19 10:03:33', NULL, NULL, NULL, NULL, 7, 6, 5),
(194, 68, 1, 'SAMPLECOLLECT', '2019-02-19 00:00:00', NULL, NULL, NULL, NULL, '2019-02-19 09:24:33', NULL, NULL, NULL, NULL, NULL, 7, 6, NULL),
(195, 68, 2, 'SAMPLECOLLECT', '2019-02-19 00:00:00', NULL, NULL, NULL, NULL, '2019-02-19 09:24:33', NULL, NULL, NULL, NULL, NULL, 7, 6, NULL),
(196, 68, 3, 'SAMPLECOLLECT', '2019-02-19 00:00:00', NULL, NULL, NULL, NULL, '2019-02-19 09:24:33', NULL, NULL, NULL, NULL, NULL, 7, 6, NULL),
(197, 68, 4, 'SAMPLECOLLECT', '2019-02-19 00:00:00', NULL, NULL, NULL, NULL, '2019-02-19 09:24:33', NULL, NULL, NULL, NULL, NULL, 7, 6, NULL),
(198, 68, 5, 'SAMPLECOLLECT', '2019-02-19 00:00:00', NULL, NULL, NULL, NULL, '2019-02-19 09:24:33', NULL, NULL, NULL, NULL, NULL, 7, 6, NULL),
(199, 69, 76, 'NOSAMPLE', '2019-02-19 00:00:00', NULL, NULL, NULL, NULL, NULL, NULL, NULL, NULL, NULL, NULL, NULL, 6, NULL),
(200, 69, 156, 'NOSAMPLE', '2019-02-19 00:00:00', NULL, NULL, NULL, NULL, NULL, NULL, NULL, NULL, NULL, NULL, NULL, 6, NULL),
(201, 69, 287, 'NOSAMPLE', '2019-02-19 00:00:00', NULL, NULL, NULL, NULL, NULL, NULL, NULL, NULL, NULL, NULL, NULL, 6, NULL),
(202, 69, 189, 'NOSAMPLE', '2019-02-19 00:00:00', NULL, NULL, NULL, NULL, NULL, NULL, NULL, NULL, NULL, NULL, NULL, 6, NULL),
(203, 69, 261, 'NOSAMPLE', '2019-02-19 00:00:00', NULL, NULL, NULL, NULL, NULL, NULL, NULL, NULL, NULL, NULL, NULL, 6, NULL),
(204, 69, 284, 'NOSAMPLE', '2019-02-19 00:00:00', NULL, NULL, NULL, NULL, NULL, NULL, NULL, NULL, NULL, NULL, NULL, 6, NULL),
(205, 69, 30, 'RESULTENTER', '2019-02-19 00:00:00', NULL, NULL, NULL, '2019-02-19 14:52:27', '2019-02-19 14:50:28', '2019-02-19 14:51:33', NULL, NULL, NULL, 5, 7, 6, 5),
(206, 70, 76, 'NOSAMPLE', '2019-02-19 00:00:00', NULL, NULL, NULL, NULL, NULL, NULL, NULL, NULL, NULL, NULL, NULL, 6, NULL),
(207, 70, 156, 'NOSAMPLE', '2019-02-19 00:00:00', NULL, NULL, NULL, NULL, NULL, NULL, NULL, NULL, NULL, NULL, NULL, 6, NULL),
(208, 70, 287, 'NOSAMPLE', '2019-02-19 00:00:00', NULL, NULL, NULL, NULL, NULL, NULL, NULL, NULL, NULL, NULL, NULL, 6, NULL),
(209, 70, 189, 'NOSAMPLE', '2019-02-19 00:00:00', NULL, NULL, NULL, NULL, NULL, NULL, NULL, NULL, NULL, NULL, NULL, 6, NULL),
(210, 70, 261, 'NOSAMPLE', '2019-02-19 00:00:00', NULL, NULL, NULL, NULL, NULL, NULL, NULL, NULL, NULL, NULL, NULL, 6, NULL),
(211, 70, 284, 'NOSAMPLE', '2019-02-19 00:00:00', NULL, NULL, NULL, NULL, NULL, NULL, NULL, NULL, NULL, NULL, NULL, 6, NULL),
(212, 70, 30, 'WORKSHEET', '2019-02-19 00:00:00', NULL, NULL, NULL, NULL, '2019-02-19 14:49:41', '2019-02-19 14:51:33', NULL, NULL, NULL, NULL, 7, 6, 5),
(213, 71, 76, 'NOSAMPLE', '2019-02-19 00:00:00', NULL, NULL, NULL, NULL, NULL, NULL, NULL, NULL, NULL, NULL, NULL, 6, NULL),
(214, 71, 156, 'NOSAMPLE', '2019-02-19 00:00:00', NULL, NULL, NULL, NULL, NULL, NULL, NULL, NULL, NULL, NULL, NULL, 6, NULL),
(215, 71, 287, 'NOSAMPLE', '2019-02-19 00:00:00', NULL, NULL, NULL, NULL, NULL, NULL, NULL, NULL, NULL, NULL, NULL, 6, NULL),
(216, 71, 189, 'NOSAMPLE', '2019-02-19 00:00:00', NULL, NULL, NULL, NULL, NULL, NULL, NULL, NULL, NULL, NULL, NULL, 6, NULL),
(217, 71, 261, 'NOSAMPLE', '2019-02-19 00:00:00', NULL, NULL, NULL, NULL, NULL, NULL, NULL, NULL, NULL, NULL, NULL, 6, NULL),
(218, 71, 284, 'NOSAMPLE', '2019-02-19 00:00:00', NULL, NULL, NULL, NULL, NULL, NULL, NULL, NULL, NULL, NULL, NULL, 6, NULL),
(219, 71, 30, 'WORKSHEET', '2019-02-19 00:00:00', NULL, NULL, NULL, NULL, '2019-02-19 14:50:12', '2019-02-19 14:51:34', NULL, NULL, NULL, NULL, 7, 6, 5),
(220, 72, 76, 'NOSAMPLE', '2019-02-19 00:00:00', NULL, NULL, NULL, NULL, NULL, NULL, NULL, NULL, NULL, NULL, NULL, 6, NULL),
(221, 72, 156, 'NOSAMPLE', '2019-02-19 00:00:00', NULL, NULL, NULL, NULL, NULL, NULL, NULL, NULL, NULL, NULL, NULL, 6, NULL),
(222, 72, 287, 'NOSAMPLE', '2019-02-19 00:00:00', NULL, NULL, NULL, NULL, NULL, NULL, NULL, NULL, NULL, NULL, NULL, 6, NULL),
(223, 72, 189, 'NOSAMPLE', '2019-02-19 00:00:00', NULL, NULL, NULL, NULL, NULL, NULL, NULL, NULL, NULL, NULL, NULL, 6, NULL),
(224, 72, 261, 'NOSAMPLE', '2019-02-19 00:00:00', NULL, NULL, NULL, NULL, NULL, NULL, NULL, NULL, NULL, NULL, NULL, 6, NULL),
(225, 72, 284, 'NOSAMPLE', '2019-02-19 00:00:00', NULL, NULL, NULL, NULL, NULL, NULL, NULL, NULL, NULL, NULL, NULL, 6, NULL),
(226, 72, 30, 'RESULTENTER', '2019-02-19 00:00:00', NULL, NULL, NULL, '2019-02-19 14:53:31', '2019-02-19 14:51:09', '2019-02-19 14:51:34', NULL, NULL, NULL, 5, 7, 6, 5);

-- --------------------------------------------------------

--
-- Table structure for table `labtest`
--

CREATE TABLE `labtest` (
  `id` int(11) NOT NULL,
  `code` varchar(6) NOT NULL,
  `name` varchar(150) NOT NULL,
  `labtest_done_here` varchar(45) NOT NULL,
  `price` decimal(10,2) NOT NULL,
  `sample_collecting_tube` varchar(200) NOT NULL,
  `department` varchar(25) DEFAULT NULL,
  `description` longtext,
  `comment` varchar(255) DEFAULT NULL
) ENGINE=InnoDB DEFAULT CHARSET=utf8;

--
-- Dumping data for table `labtest`
--

INSERT INTO `labtest` (`id`, `code`, `name`, `labtest_done_here`, `price`, `sample_collecting_tube`, `department`, `description`, `comment`) VALUES
(1, 'BC1', 'Acid phoshatase (Prostatic, Non prostatic,Total)', 'NO', '1090.00', 'Red , Plain', 'BIOCHEMISTRY', '', NULL),
(2, 'BC2', 'Acid phoshatase Total', 'NO', '1090.00', 'Red , Plain', 'BIOCHEMISTRY', '', NULL),
(3, 'BC3', 'ACTH', 'NO', '15380.00', 'Green, EDTA', 'BIOCHEMISTRY', '', NULL),
(4, 'BC4', 'Adenosine deaminase (ADA) - Serum', 'NO', '1850.00', 'Clean screw capped container', 'BIOCHEMISTRY', '', NULL),
(5, 'BC5', 'Adenosine deaminase (ADA) - CSF', 'NO', '1850.00', 'Clean screw capped container', 'BIOCHEMISTRY', '', NULL),
(6, 'BC6', 'Adenosine deaminase (ADA) - Peritoneal fluid', 'NO', '1850.00', 'Clean screw capped container', 'BIOCHEMISTRY', '', NULL),
(7, 'BC7', 'Adenosine deaminase (ADA) - Pleural fluid', 'NO', '1850.00', 'Clean screw capped container', 'BIOCHEMISTRY', '', NULL),
(8, 'BC8', 'Alanine aminotranseferase (ALT, GPT, SGPT)', 'NO', '440.00', 'Red , Plain', 'BIOCHEMISTRY', '', NULL),
(9, 'BC9', 'Albumin', 'NO', '440.00', 'Red , Plain', 'BIOCHEMISTRY', '', NULL),
(10, 'BC10', 'Alcohol level (Blood ethanol level)', 'NO', '1940.00', 'Red , Plain', 'BIOCHEMISTRY', '', NULL),
(11, 'BC11', 'Aldolase', 'NO', '880.00', 'Red , Plain', 'BIOCHEMISTRY', '', NULL),
(12, 'BC12', 'Aldosterone', 'NO', '4380.00', 'Red , Plain', 'BIOCHEMISTRY', '', NULL),
(13, 'BC13', 'Alkaline phosphatase (ALP)', 'NO', '440.00', 'Red , Plain', 'BIOCHEMISTRY', '', NULL),
(14, 'BC14', 'Alkaline phosphatase -isoenzymes', 'NO', '3370.00', 'Red , Plain', 'BIOCHEMISTRY', '', NULL),
(15, 'BC15', 'Alpha1 - antiprypsin (Alpha 1 - antiproteinase)', 'NO', '8200.00', 'Red , Plain', 'BIOCHEMISTRY', '', NULL),
(16, 'BC16', 'Alpha - feto Protein (AFP)', 'NO', '2690.00', 'Red , Plain', 'BIOCHEMISTRY', '', NULL),
(17, 'BC17', 'Ammonia', 'NO', '4360.00', 'Green, EDTA', 'BIOCHEMISTRY', '', NULL),
(18, 'BC18', 'Amylase - Serum (Serum alpha amylase)', 'NO', '690.00', 'Red , Plain', 'BIOCHEMISTRY', '', NULL),
(19, 'BC19', 'Amylase - Urinary (urinary amylase)', 'NO', '690.00', 'Sterile Urine Container', 'BIOCHEMISTRY', '', NULL),
(20, 'BC20', 'Asparate aminotransferase (AST, GOT, SGOT)', 'NO', '440.00', 'Red , Plain', 'BIOCHEMISTRY', '', NULL),
(21, 'BC21', 'Anti Beta - 2 Glycoprotein (?2 GP-1)', 'NO', '3830.00', 'Red , Plain', 'BIOCHEMISTRY', '', NULL),
(22, 'BC22', 'Antimularian Hormone', 'NO', '9900.00', 'Red , Plain', 'BIOCHEMISTRY', '', NULL),
(23, 'BC23', 'B 12 (Vitamin B12)', 'NO', '3400.00', 'Red , Plain', 'BIOCHEMISTRY', '', NULL),
(24, 'BC24', 'Beta - HCG Serum', 'NO', '1970.00', 'Red , Plain', 'BIOCHEMISTRY', '', NULL),
(25, 'BC25', 'Beta - 2 Microglobulin', 'NO', '7540.00', 'Red , Plain', 'BIOCHEMISTRY', '', NULL),
(26, 'BC26', 'Bicarnonate - Venous', 'NO', '600.00', 'Green, EDTA', 'BIOCHEMISTRY', '', NULL),
(27, 'BC27', 'Bile Acids', 'NO', '680.00', 'Red , Plain', 'BIOCHEMISTRY', '', NULL),
(28, 'BC28', 'Billirubin Profile - Direct, Indirect, Total', 'YES', '970.00', 'Red , Plain', 'BIOCHEMISTRY', '<div><strong>Reference Range up to 2 weeks:<br>&nbsp;&nbsp;&nbsp;&nbsp;&nbsp;&nbsp;(NEONATE)</strong><br>T&nbsp;&nbsp;-&nbsp;&nbsp;Bilirubin&nbsp;&nbsp;: &nbsp;&nbsp; 0&nbsp;&nbsp;-&nbsp;&nbsp;11.7<br>D&nbsp;&nbsp;-&nbsp;&nbsp;Bilirubin&nbsp;&nbsp;:&nbsp;&nbsp; 0&nbsp;&nbsp;-&nbsp;&nbsp;1.7</div>', NULL),
(29, 'BC29', 'Bilirubin - Total', 'NO', '410.00', 'Red , Plain', 'BIOCHEMISTRY', '', NULL),
(30, 'BC30', 'Blood Glucose - Fasting venous blood', 'YES', '370.00', 'Orange , Sugar tube', 'BIOCHEMISTRY', '', NULL),
(31, 'BC31', 'Blood Glucose Fasting with Glucometer', 'NO', '370.00', 'Near patient testing/ Point of care testing/ Near patient testing', 'BIOCHEMISTRY', '', NULL),
(32, 'BC32', 'Blood Glucose Random', 'YES', '370.00', 'Orange , Sugar tube', 'BIOCHEMISTRY', '', NULL),
(33, 'BC33', 'Blood Glucose Random with Glucometer', 'NO', '370.00', 'Near patient testing/ Point of care testing/ Near patient testing', 'BIOCHEMISTRY', '', NULL),
(34, 'BC34', 'Blood Glucose Postprandial venous', 'NO', '370.00', 'Orange , Sugar tube', 'BIOCHEMISTRY', '', NULL),
(35, 'BC35', 'Blood Glucose Postprandial with Glucometer', 'NO', '370.00', 'Near patient testing/ Point of care testing/ Near patient testing', 'BIOCHEMISTRY', '', NULL),
(36, 'BC36', 'Blood Glucose Tolerance Test (3 Samples)', 'NO', '1100.00', 'Orange , Sugar tube', 'BIOCHEMISTRY', '', NULL),
(37, 'BC37', 'Blood Glucose Tolerance Test (5Samples)', 'NO', '1700.00', 'Orange , Sugar tube', 'BIOCHEMISTRY', '', NULL),
(38, 'BC38', 'Blood Glucose Before Dinner', 'NO', '370.00', 'Orange , Sugar tube', 'BIOCHEMISTRY', '', NULL),
(39, 'BC39', 'Blood Glucose Before Lunch', 'NO', '370.00', 'Orange , Sugar tube', 'BIOCHEMISTRY', '', NULL),
(40, 'BC40', 'Blood Glucose Series Test (6 timed samples)', 'NO', '1820.00', 'Orange , Sugar tube', 'BIOCHEMISTRY', '', NULL),
(41, 'BC41', 'Blood Glucose - 1 hour after Breakfast, Lunch or Dinner', 'NO', '370.00', 'Orange , Sugar tube', 'BIOCHEMISTRY', '', NULL),
(42, 'BC42', 'Blood Glucose - 2 hours after Breakfast, Lunch or Dinner', 'YES', '370.00', 'Orange , Sugar tube', 'BIOCHEMISTRY', '', NULL),
(43, 'BC43', 'Blood Glucose 1 hour after 50g oral glucose dose (50g Glucose Challenge Test - GCT)', 'NO', '370.00', 'Orange , Sugar tube', 'BIOCHEMISTRY', '', NULL),
(44, 'BC44', 'Blood Glucose - 2 hours after 50g of oral glucose dose (GCT)', 'NO', '630.00', 'Orange , Sugar tube', 'BIOCHEMISTRY', '', NULL),
(45, 'BC45', 'Blood Glucose - 1/2 hour after 75g of oral glucose dose (GCT)', 'NO', '630.00', 'Orange , Sugar tube Urine container supplied', 'BIOCHEMISTRY', '', NULL),
(46, 'BC46', 'Blood Glucose - 1 hour after 75g of oral glucose dose (GCT)', 'NO', '630.00', 'Orange , Sugar tube Urine container supplied', 'BIOCHEMISTRY', '', NULL),
(47, 'BC47', 'Blood Glucose - 1&1/2 hour after 75g of oral glucose dose (GCT)', 'NO', '630.00', 'Orange , Sugar tube Urine container supplied', 'BIOCHEMISTRY', '', NULL),
(48, 'BC48', 'Blood Glucose - 2 hour after 75g of oral glucose dose (GCT)', 'NO', '630.00', 'Orange , Sugar tube Urine container supplied', 'BIOCHEMISTRY', '', NULL),
(49, 'BC49', 'Blood Glucose - 3 hour after 75g of oral glucose dose (GCT)', 'NO', '630.00', 'Orange , Sugar tube Urine container supplied', 'BIOCHEMISTRY', '', NULL),
(50, 'BC50', 'Blood Glucose - 4 hour after 75g of oral glucose dose (GCT)', 'NO', '630.00', 'Orange , Sugar tube Urine container supplied', 'BIOCHEMISTRY', '', NULL),
(51, 'BC51', 'Blood Glucose - 5 hour after 75g of oral glucose dose (GCT)', 'NO', '630.00', 'Orange , Sugar tube Urine container supplied', 'BIOCHEMISTRY', '', NULL),
(52, 'BC52', 'Blood Glucose - 1 hour after 100g of oral glucose dose (GCT)', 'NO', '630.00', 'Orange , Sugar tube Urine container supplied', 'BIOCHEMISTRY', '', NULL),
(53, 'BC53', 'Bone profile', 'NO', '2280.00', 'Red , Plain', 'BIOCHEMISTRY', '', NULL),
(54, 'BC54', 'Blood Urea Nitrogen (BUN)', 'NO', '440.00', 'Red , Plain', 'BIOCHEMISTRY', '', NULL),
(55, 'BC55', 'C1 Esterase Inhibito', 'NO', '4480.00', 'Red , Plain', 'BIOCHEMISTRY', '', NULL),
(56, 'BC56', 'Complement C3c (C3c)', 'NO', '2630.00', 'Red , Plain', 'BIOCHEMISTRY', '', NULL),
(57, 'BC57', 'Complement C4c (C4c)', 'NO', '2630.00', 'Red , Plain', 'BIOCHEMISTRY', '', NULL),
(58, 'BC58', 'Complement Level - C3 and C4', 'NO', '5260.00', 'Red , Plain', 'BIOCHEMISTRY', '', NULL),
(59, 'BC59', 'CPK - MB (Creatine Phosphokinase,CKMB)', 'NO', '1220.00', 'Red , Plain', 'BIOCHEMISTRY', '', NULL),
(60, 'BC60', 'CPK (Creatine Phosphokinase Total)', 'NO', '570.00', 'Red , Plain', 'BIOCHEMISTRY', '', NULL),
(61, 'BC61', 'CA 125', 'NO', '4870.00', 'Red , Plain', 'BIOCHEMISTRY', '', NULL),
(62, 'BC62', 'CA 15-3', 'NO', '8100.00', 'Red , Plain', 'BIOCHEMISTRY', '', NULL),
(63, 'BC63', 'CA 19-9', 'NO', '6260.00', 'Red , Plain', 'BIOCHEMISTRY', '', NULL),
(64, 'BC64', 'Calcium inonized (Ca 2+, free calcium)', 'NO', '500.00', 'Red , Plain', 'BIOCHEMISTRY', '', NULL),
(65, 'BC65', 'Calcium - Serum', 'YES', '550.00', 'Red , Plain', 'BIOCHEMISTRY', '<div><strong>Pediatric Reference Range For Serum Calcium</strong></div>\r\n<div>1 day -4 week: 7.2-11.2 mg/dl</div>\r\n<div>2-12 months:&nbsp; &nbsp;8.4-10.8 mg/dl</div>\r\n<div>&gt;1 year:&nbsp; &nbsp; &nbsp; &nbsp; &nbsp; 8.4-10.4 mg/dl</div>\r\n<div>&nbsp;</div>', NULL),
(66, 'BC66', 'Calcium - Urine', 'NO', '550.00', 'Urine container supplied', 'BIOCHEMISTRY', '', NULL),
(67, 'BC67', 'Calcium : Creatinine Ratio - Serum', 'NO', '770.00', 'Red , Plain', 'BIOCHEMISTRY', '', NULL),
(68, 'BC68', 'Calcium : Creatinine Ratio - Urine', 'NO', '770.00', 'Urine container supplied', 'BIOCHEMISTRY', '', NULL),
(69, 'BC69', 'Calcitonin Level', 'NO', '13120.00', 'Red , Plain', 'BIOCHEMISTRY', '', NULL),
(70, 'BC70', 'Cardiac Profile', 'NO', '3270.00', 'Red , Plain', 'BIOCHEMISTRY', '', NULL),
(71, 'BC71', 'Caerulopasmin', 'NO', '4080.00', 'Red , Plain', 'BIOCHEMISTRY', '', NULL),
(72, 'BC72', 'CEA (Carcinoembryonic antigen)', 'NO', '3650.00', 'Red , Plain', 'BIOCHEMISTRY', '', NULL),
(73, 'BC73', 'Chloride - Serum', 'NO', '410.00', 'Red , Plain', 'BIOCHEMISTRY', '', NULL),
(74, 'BC74', 'Cholesterol - HDL (HDL-C)', 'NO', '620.00', 'Red , Plain', 'BIOCHEMISTRY', '', NULL),
(75, 'BC75', 'Cholesterol - LDL (LDL-C)', 'NO', '620.00', 'Red , Plain', 'BIOCHEMISTRY', '', NULL),
(76, 'BC76', 'Cholesterol (Total, TC) (Lipid profile - Refer BC134)', 'NO', '320.00', 'Red , Plain', 'BIOCHEMISTRY', '', NULL),
(77, 'BC77', 'Cholinesterase - Serum', 'NO', '1480.00', 'Red , Plain', 'BIOCHEMISTRY', '', NULL),
(78, 'BC78', 'Clostridium Defficile Toxin', 'NO', '6100.00', 'Sterilised container', 'BIOCHEMISTRY', '', NULL),
(79, 'BC79', ' C Peptide Fasting', 'NO', '5020.00', 'Red , Plain', 'BIOCHEMISTRY', '', NULL),
(80, 'BC80', 'C Peptide Random', 'NO', '2050.00', 'Red , Plain', 'BIOCHEMISTRY', '', NULL),
(81, 'BC81', 'Copper', 'NO', '2080.00', 'Red , Plain', 'BIOCHEMISTRY', '', NULL),
(82, 'BC82', 'Cortisol', 'NO', '2360.00', 'Red , Plain', 'BIOCHEMISTRY', '', NULL),
(83, 'BC83', 'Creatinine Clearance ', 'NO', '1030.00', 'Red , Plain,Urine container supplied', 'BIOCHEMISTRY', '', NULL),
(84, 'BC84', 'Creatinine with Estimated GFR (eGFR)', 'NO', '480.00', 'Red , Plain', 'BIOCHEMISTRY', '', NULL),
(85, 'BC85', 'Creatinine - Serum', 'YES', '370.00', 'Red , Plain', 'BIOCHEMISTRY', '<div><strong>eGFR(mL/min/1.73 m2) Stage of CKD</strong> <strong>Serum Creatinine Reference Range</strong></div>\r\n<div>&gt; 90 1 Normal GFR &nbsp; &nbsp; &nbsp; &nbsp; &nbsp; &nbsp; &nbsp; &nbsp; &nbsp; Males : 0.7 - 1.3 mg/dl</div>\r\n<div>60-89 2 Mildly decreased GFR &nbsp; &nbsp; &nbsp; &nbsp; &nbsp; &nbsp;Females : 0.55 - 1.02 mg/dl</div>\r\n<div>30-59 3 Moderately decreased GFR</div>\r\n<div>15-29 4 Severely decreased GFR</div>\r\n<div>&lt;15 5 Renal Failure</div>\r\n<div>CKD = CHRONIC KIDNEY DISEASE</div>\r\n<div>&nbsp;</div>\r\n<div>1. eGFR more than 90 mL/min/1.73 m2 indicates normal renal function. However the accuracy and precision of eGFR are low at this range.</div>\r\n<div>2. eGFR between 60 and 89 mL/min/1.73 m2 do not indicate chronic kidney disease unless there is other existing laboratory/clinical evidence of disease.</div>\r\n<div>3. eGFR has not been validated for use in acute renal failure, pregnancy, oedematous states, muscle wasting disorders, amputees and malnourished people.</div>\r\n<div>&nbsp;</div>\r\n<div>References</div>\r\n<div>1. National Kidney Disease Education Programme. Available at www.nkdep.nih.gov</div>\r\n<div>2. Chronic Kidney Disease in Adults: UK Guidelines for Identification, Management, and Referral.</div>\r\n<div>Available at www.renal.org/CKDguide/full/UKCKDfull</div>', NULL),
(86, 'BC86', 'Creatinine - Urine', 'NO', '460.00', 'Urine container supplied', 'BIOCHEMISTRY', '', NULL),
(87, 'BC87', 'C Reactive Protein (CRP)', 'YES', '600.00', 'Red , Plain', 'BIOCHEMISTRY', '', NULL),
(88, 'BC88', 'C Reactive Protein Ultra Sensitive', 'NO', '1270.00', 'Red , Plain', 'BIOCHEMISTRY', '', NULL),
(89, 'BC89', 'CSF for Oligoclonal Bands', 'NO', '9530.00', 'Sterilised container', 'BIOCHEMISTRY', '', NULL),
(90, 'BC90', 'CSF Ful Report', 'NO', '1090.00', 'Send the specimen in a screw capped container. Speak to the Lab, beforehand. Send for tsting immediately. Handover specimen directly to the MLT performing the test.', 'BIOCHEMISTRY', '', NULL),
(91, 'BC91', 'CSF Electrolyte', 'NO', '630.00', 'Send the specimen in a screw capped container. Speak to the Lab, beforehand. Send for tsting immediately. Handover specimen directly to the MLT performing the test.', 'BIOCHEMISTRY', '', NULL),
(92, 'BC92', 'CSF Iron', 'NO', '580.00', 'Send the specimen in a screw capped container. Speak to the Lab, beforehand. Send for tsting immediately. Handover specimen directly to the MLT performing the test.', 'BIOCHEMISTRY', '', NULL),
(93, 'BC93', 'CSF Protein', 'NO', '600.00', 'Send the specimen in a screw capped container. Speak to the Lab, beforehand. Send for tsting immediately. Handover specimen directly to the MLT performing the test.', 'BIOCHEMISTRY', '', NULL),
(94, 'BC94', 'CSF Sugar', 'NO', '320.00', 'Orange , Sugar tube', 'BIOCHEMISTRY', '', NULL),
(95, 'BC95', 'Cyclosporine (Before Drugs)', 'NO', '6300.00', 'Green, EDTA', 'BIOCHEMISTRY', '', NULL),
(96, 'BC96', 'Cyclosporine (After Drugs)', 'NO', '6300.00', 'Green, EDTA', 'BIOCHEMISTRY', '', NULL),
(97, 'BC97', 'Cyststin C', 'NO', '1920.00', 'Red , Plain', 'BIOCHEMISTRY', '', NULL),
(98, 'BC98', 'DHEA S (Dehydroepiandrosterone Sulphate)', 'NO', '2770.00', 'Red , Plain', 'BIOCHEMISTRY', '', NULL),
(99, 'BC99', 'Digoxin Level ', 'NO', '8970.00', 'Red , Plain', 'BIOCHEMISTRY', '', NULL),
(100, 'BC100', 'Electrolytes Serum', 'YES', '760.00', 'Red , Plain', 'BIOCHEMISTRY', '', NULL),
(101, 'BC101', 'Electrolytes Urine', 'NO', '760.00', 'Containner Supplied', 'BIOCHEMISTRY', '', NULL),
(102, 'BC102', 'Electrophoresis Serum Protein', 'NO', '2380.00', 'Red , Plain', 'BIOCHEMISTRY', '', NULL),
(103, 'BC103', 'Electrophoresis Urine Protein', 'NO', '2920.00', 'Containner Supplied', 'BIOCHEMISTRY', '', NULL),
(104, 'BC104', 'Fasting Urine Sugar', 'NO', '190.00', 'Containner Supplied', 'BIOCHEMISTRY', '', NULL),
(105, 'BC105', 'Fluid for Amylase', 'NO', '690.00', 'Send the specimen in a screw capped container. Speak to the Lab, beforehand. Send for tsting immediately. Handover specimen directly to the MLT performing the test.', 'BIOCHEMISTRY', '', NULL),
(106, 'BC106', 'Fluid for Urea', 'NO', '450.00', 'Send the specimen in a screw capped container. Speak to the Lab, beforehand. Send for tsting immediately. Handover specimen directly to the MLT performing the test.', 'BIOCHEMISTRY', '', NULL),
(107, 'BC107', 'Fluid for Creatinine', 'NO', '370.00', 'Send the specimen in a screw capped container. Speak to the Lab, beforehand. Send for tsting immediately. Handover specimen directly to the MLT performing the test.', 'BIOCHEMISTRY', '', NULL),
(108, 'BC108', 'Fluid for LHD', 'NO', '620.00', 'Send the specimen in a screw capped container. Speak to the Lab, beforehand. Send for tsting immediately. Handover specimen directly to the MLT performing the test.', 'BIOCHEMISTRY', '', NULL),
(109, 'BC109', 'Fluid for Albumin', 'NO', '410.00', 'Send the specimen in a screw capped container. Speak to the Lab, beforehand. Send for tsting immediately. Handover specimen directly to the MLT performing the test.', 'BIOCHEMISTRY', '', NULL),
(110, 'BC110', 'Fluid for Bilirubin', 'NO', '730.00', 'Send the specimen in a screw capped container. Speak to the Lab, beforehand. Send for tsting immediately. Handover specimen directly to the MLT performing the test.', 'BIOCHEMISTRY', '', NULL),
(111, 'BC111', 'Fluid for C Reactive Protein', 'NO', '600.00', 'Send the specimen in a screw capped container. Speak to the Lab, beforehand. Send for tsting immediately. Handover specimen directly to the MLT performing the test.', 'BIOCHEMISTRY', '', NULL),
(112, 'BC112', 'Fluid for Electrolytes', 'NO', '760.00', 'Send the specimen in a screw capped container. Speak to the Lab, beforehand. Send for tsting immediately. Handover specimen directly to the MLT performing the test.', 'BIOCHEMISTRY', '', NULL),
(113, 'BC113', 'Fluid for Lipid Profile', 'NO', '1190.00', 'Send the specimen in a screw capped container. Speak to the Lab, beforehand. Send for tsting immediately. Handover specimen directly to the MLT performing the test.', 'BIOCHEMISTRY', '', NULL),
(114, 'BC114', 'FSH (Follicular stimulating Hormone)', 'NO', '1640.00', 'Red , Plain', 'BIOCHEMISTRY', '', NULL),
(115, 'BC115', 'Ferritin', 'NO', '1270.00', 'Red , Plain', 'BIOCHEMISTRY', '', NULL),
(116, 'BC116', 'Folate', 'NO', '4990.00', 'Red , Plain', 'BIOCHEMISTRY', '', NULL),
(117, 'BC117', 'Free PSA', 'NO', '5400.00', 'Red , Plain', 'BIOCHEMISTRY', '', NULL),
(118, 'BC118', 'PSA (Prostate Specific Antigen)', 'NO', '4270.00', 'Red , Plain', 'BIOCHEMISTRY', '', NULL),
(119, 'BC119', 'Free T3 (Unbound Triiodothyronine)', 'NO', '1360.00', 'Red , Plain', 'BIOCHEMISTRY', '', NULL),
(120, 'BC120', 'Free T4 (unbound Thyrooxine)', 'NO', '1360.00', 'Red , Plain', 'BIOCHEMISTRY', '', NULL),
(121, 'BC121', 'Free Testosterone', 'NO', '4190.00', 'Red , Plain', 'BIOCHEMISTRY', '', NULL),
(122, 'BC122', 'Fructosamine', 'NO', '700.00', 'Red , Plain', 'BIOCHEMISTRY', '', NULL),
(123, 'BC123', 'FSH/LH/PRL(FSH + Luteinizing hormone + Prolactin)', 'NO', '5020.00', 'Red , Plain', 'BIOCHEMISTRY', '', NULL),
(124, 'BC124', 'Full Report for Fluid', 'NO', '1090.00', 'Send the specimen in a screw capped container. Speak to the Lab, beforehand. Send for tsting immediately. Handover specimen directly to the MLT performing the test.', 'BIOCHEMISTRY', '', NULL),
(125, 'BC125', 'Full Report for CSF', 'NO', '1090.00', 'Send the specimen in a screw capped container. Speak to the Lab, beforehand. Send for tsting immediately. Handover specimen directly to the MLT performing the test.', 'BIOCHEMISTRY', '', NULL),
(126, 'BC126', 'Full Report for pleural fluid', 'NO', '1090.00', 'Send the specimen in a screw capped container. Speak to the Lab, beforehand. Send for tsting immediately. Handover specimen directly to the MLT performing the test.', 'BIOCHEMISTRY', '', NULL),
(127, 'BC127', 'Full Report for Synovial Fluid', 'NO', '1090.00', 'Send the specimen in a screw capped container. Speak to the Lab, beforehand. Send for tsting immediately. Handover specimen directly to the MLT performing the test.', 'BIOCHEMISTRY', '', NULL),
(128, 'BC128', 'Gama Glutamyltransferase(GGT)', 'NO', '500.00', 'Red , Plain', 'BIOCHEMISTRY', '', NULL),
(129, 'BC129', 'Glucose 6 Phospate Dehydrogenase (G6PD)', 'NO', '2010.00', 'Green, EDTA', 'BIOCHEMISTRY', '', NULL),
(130, 'BC130', 'Glucose Tolerance Test - Growth Hormone (3 samples)', 'NO', '5790.00', 'Red , Plain', 'BIOCHEMISTRY', '', NULL),
(131, 'BC131', 'Glucose Tolerance Test - Growth Hormone (5 samples)', 'NO', '9640.00', 'Red , Plain', 'BIOCHEMISTRY', '', NULL),
(132, 'BC132', 'Growth Hormone', 'NO', '1570.00', 'Red , Plain', 'BIOCHEMISTRY', '', NULL),
(133, 'BC133', 'HBA1C HPLC Method', 'YES', '1470.00', 'Green, EDTA', 'BIOCHEMISTRY', '<p class="MsoNormal" style="margin: 2.55pt 0in .0001pt 7.95pt;"><strong><span style="letter-spacing: -0.0666667px;">REFERENCE RANGE :</span></strong></p>\r\n<p class="MsoNormal" style="margin: 2.55pt 0in .0001pt 7.95pt;"><span style="letter-spacing: -0.0666667px;">4 -&nbsp; 6% -&nbsp; Non Diabetic reference range</span></p>\r\n<p class="MsoNormal" style="margin: 2.55pt 0in .0001pt 7.95pt;"><span style="letter-spacing: -0.0666667px;">&nbsp; &nbsp;&lt; 7% -&nbsp; Target HbA1c in Diabetes</span></p>\r\n<p class="MsoNormal" style="margin: 2.55pt 0in .0001pt 7.95pt;"><span style="letter-spacing: -0.0666667px;">&nbsp; &nbsp;&gt; 7% -&nbsp; Action Suggested</span></p>\r\n<p class="MsoNormal" style="margin: 2.55pt 0in .0001pt 7.95pt;"><span style="letter-spacing: -0.0666667px;">(American Diabetes Association: Clinical Practice Recommendations - 2013)</span></p>\r\n<p class="MsoNormal" style="margin: 2.55pt 0in .0001pt 7.95pt;"><span style="letter-spacing: -0.0666667px;">&nbsp;</span></p>\r\n<p class="MsoNormal" style="margin: 2.55pt 0in .0001pt 7.95pt;"><span style="letter-spacing: -0.0666667px;">Method: High - Performance Liquid Chromatography (HPLC) using</span></p>\r\n<p class="MsoNormal" style="margin: 2.55pt 0in .0001pt 7.95pt;"><span style="letter-spacing: -0.0666667px;">BIO-RAD ANALYZER HbA1C Program. The method is NSGP certified and traceable to the DCCT assay.</span></p>\r\n<p class="MsoNormal" style="margin: 2.55pt 0in .0001pt 7.95pt;"><span style="letter-spacing: -0.0666667px;">&nbsp;</span></p>\r\n<p class="MsoNormal" style="margin: 2.55pt 0in .0001pt 7.95pt;">&nbsp;</p>', NULL),
(134, 'BC134', 'HbA1c Turbidimetric Method', 'NO', '1070.00', 'Green, EDTA', 'BIOCHEMISTRY', '', NULL),
(135, 'BC135', 'Hepatoglobin', 'NO', '5030.00', 'Red , Plain', 'BIOCHEMISTRY', '', NULL),
(136, 'BC136', 'Hydroxy Butyryl Dehydrogenase (HBDH)', 'NO', '470.00', 'Red , Plain', 'BIOCHEMISTRY', '', NULL),
(137, 'BC137', 'HOMA-IR index', 'NO', '3050.00', 'Red , Plain , Green, EDTA', 'BIOCHEMISTRY', '', NULL),
(138, 'BC138', 'Homocysteine', 'NO', '3200.00', 'Red , Plain', 'BIOCHEMISTRY', '', NULL),
(139, 'BC139', '5 HIAA (Hydroxy Indole Acetic Acid)', 'NO', '6820.00', 'Urine container supplied', 'BIOCHEMISTRY', '', NULL),
(140, 'BC140', 'Insulin Level Fasting', 'NO', '2990.00', 'Red , Plain', 'BIOCHEMISTRY', '', NULL),
(141, 'BC141', 'Innsulin Level Random', 'NO', '2990.00', 'Red , Plain , Green, EDTA', 'BIOCHEMISTRY', '', NULL),
(142, 'BC142', 'Insulin Level 2 hours after 75g oral glucose', 'NO', '2990.00', 'Red , Plain , Green, EDTA', 'BIOCHEMISTRY', '', NULL),
(143, 'BC143', 'Insulin like growth factor 1, IGF 1', 'NO', '4230.00', 'Red , Plain', 'BIOCHEMISTRY', '', NULL),
(144, 'BC144', 'Immunoglobulin A(IgA)', 'NO', '2040.00', 'Red , Plain', 'BIOCHEMISTRY', '', NULL),
(145, 'BC145', 'Immunoglobulin G(IgG)', 'NO', '2040.00', 'Red , Plain', 'BIOCHEMISTRY', '', NULL),
(146, 'BC146', 'Immunoglobulin M(IgM)', 'NO', '2040.00', 'Red , Plain', 'BIOCHEMISTRY', '', NULL),
(147, 'BC147', 'Immunoglobulin E (IgE Level)', 'NO', '4500.00', 'Red , Plain', 'BIOCHEMISTRY', '', NULL),
(148, 'BC148', 'Immunoglobulin Profile (IgA, IgG and IgM)', 'NO', '6120.00', 'Red , Plain', 'BIOCHEMISTRY', '', NULL),
(149, 'BC149', 'Iron', 'NO', '750.00', 'Red , Plain', 'BIOCHEMISTRY', '', NULL),
(150, 'BC150', 'Iorn Saturation (serum iron = sFe, TIBC, UIBC)', 'NO', '2630.00', 'Red , Plain', 'BIOCHEMISTRY', '', NULL),
(151, 'BC151', 'Lactate', 'NO', '2190.00', 'Orange , Sugar tube', 'BIOCHEMISTRY', '', NULL),
(152, 'BC152', 'Lactate Dehydrogenase (LDH)', 'NO', '620.00', 'Red , Plain', 'BIOCHEMISTRY', '', NULL),
(153, 'BC153', 'Laed (pb) level in blood', 'NO', '4770.00', 'Green, EDTA', 'BIOCHEMISTRY', '', NULL),
(154, 'BC154', 'Lipase Serum', 'NO', '1360.00', 'Red , Plain', 'BIOCHEMISTRY', '', NULL),
(155, 'BC155', 'Lipase Urine', 'NO', '1360.00', 'Containner Supplied', 'BIOCHEMISTRY', '', NULL),
(156, 'BC156', 'Lipid Profile', 'YES', '1190.00', 'Red , Plain', 'BIOCHEMISTRY', '<div><strong>&nbsp;Reference Ranges</strong><br /><br /><span style="text-decoration: underline;"><strong>Total cholesterol (mg/dl)</strong> </span>&nbsp;&nbsp; &nbsp;&nbsp;&nbsp;&nbsp;&nbsp;&nbsp;&nbsp;&nbsp;&nbsp;&nbsp;&nbsp;&nbsp;&nbsp;&nbsp;&nbsp;&nbsp;&nbsp;&nbsp;&nbsp;&nbsp;&nbsp; <span style="text-decoration: underline;"><strong>Triglycerides (mg/dl)</strong></span><br />Less than 200 -&nbsp;&nbsp;&nbsp;&nbsp;&nbsp;&nbsp;&nbsp;&nbsp;&nbsp;&nbsp;&nbsp;&nbsp;&nbsp;&nbsp;&nbsp;&nbsp;&nbsp; Desirable&nbsp;&nbsp; &nbsp;&nbsp;&nbsp; &nbsp; &nbsp;&nbsp;&nbsp; Less than 150 - Normal<br />200 -&nbsp;&nbsp;&nbsp;&nbsp;&nbsp;&nbsp;&nbsp;&nbsp;&nbsp;&nbsp;&nbsp;&nbsp;&nbsp;&nbsp;&nbsp;&nbsp;&nbsp;&nbsp;&nbsp;&nbsp;&nbsp;&nbsp;&nbsp;&nbsp;&nbsp;&nbsp;&nbsp;&nbsp;&nbsp;&nbsp;&nbsp;&nbsp; Borderline High&nbsp;&nbsp;&nbsp; 150 - 199 - Borderline high<br />More than or Equal to 240 - High &nbsp;&nbsp; &nbsp;&nbsp;&nbsp; &nbsp;&nbsp;&nbsp;&nbsp;&nbsp;&nbsp;&nbsp;&nbsp;&nbsp;&nbsp;&nbsp; 200 - 499 - High<br />More than or Equal to 500 - Very high&nbsp;&nbsp; &nbsp;&nbsp;&nbsp; &nbsp;<br />&nbsp;&nbsp; &nbsp;&nbsp;&nbsp; &nbsp;&nbsp;&nbsp; &nbsp;&nbsp;&nbsp; &nbsp;&nbsp;&nbsp; &nbsp;&nbsp;&nbsp; &nbsp;&nbsp;&nbsp;&nbsp;&nbsp;&nbsp;&nbsp;&nbsp;&nbsp;&nbsp;&nbsp;&nbsp;&nbsp;&nbsp;&nbsp;&nbsp;&nbsp;&nbsp;&nbsp;&nbsp;&nbsp;&nbsp;&nbsp;&nbsp;&nbsp;&nbsp;&nbsp;&nbsp;&nbsp;&nbsp;&nbsp;&nbsp;&nbsp;&nbsp;&nbsp;&nbsp;&nbsp;&nbsp;&nbsp;&nbsp;&nbsp; &nbsp;&nbsp;&nbsp; <span style="text-decoration: underline;"><strong>HDL Cholesterol (mg/dL)</strong></span><br /><span style="text-decoration: underline;"><strong>LDL cholesterol (mg/dL)</strong></span> &nbsp;&nbsp;&nbsp; &nbsp;&nbsp;&nbsp; &nbsp;&nbsp;&nbsp;&nbsp;&nbsp;&nbsp;&nbsp;&nbsp;&nbsp;&nbsp;&nbsp;&nbsp;&nbsp;&nbsp;&nbsp;&nbsp;&nbsp;&nbsp;&nbsp;&nbsp; Less than 40 - Low&nbsp;&nbsp; &nbsp;&nbsp;&nbsp; &nbsp;&nbsp;&nbsp; &nbsp;&nbsp;&nbsp; &nbsp;<br />Less than 100 -&nbsp; Optimal &nbsp;&nbsp; &nbsp;&nbsp;&nbsp; &nbsp;&nbsp;&nbsp; &nbsp;&nbsp;&nbsp;&nbsp;&nbsp;&nbsp;&nbsp;&nbsp;&nbsp;&nbsp;&nbsp;&nbsp;&nbsp;&nbsp;&nbsp;&nbsp;&nbsp;&nbsp;&nbsp;&nbsp;&nbsp; More than 60 - High<br />100 - 129 -&nbsp;&nbsp;&nbsp;&nbsp;&nbsp;&nbsp;&nbsp; Near Optimal / Above Normal <br />130 - 159 -&nbsp;&nbsp;&nbsp;&nbsp;&nbsp;&nbsp;&nbsp; Borderline High<br />160 - 189 -&nbsp;&nbsp;&nbsp;&nbsp;&nbsp;&nbsp;&nbsp; High<br />More than or Equal to 190 - Very High<br />Less than 70 - for very high risk CVD patients<br /><br /><strong>Reference</strong><br /><em>1. SLMA Guidelines (2004)</em><br /><em>2. NCEP on ATP111 (2002)</em><br /><em>3. JAMA (2001)</em></div>', NULL),
(157, 'BC157', 'Lithium', 'NO', '1400.00', 'Red , Plain', 'BIOCHEMISTRY', '', NULL),
(158, 'BC158', 'Liver Profile', 'YES', '2330.00', 'Red , Plain', 'BIOCHEMISTRY', '<div><em><strong>Referance Range For ALT</strong></em>&nbsp;&nbsp;&nbsp; &nbsp;&nbsp;&nbsp; <em><strong>Reference Range up to 2 weeks:(NEONATE)</strong></em><br />MALE:&nbsp;&nbsp;&nbsp;&nbsp; 16 - 63 U/L &nbsp;&nbsp;&nbsp; &nbsp;&nbsp; &nbsp; &nbsp; &nbsp;&nbsp;&nbsp;&nbsp;&nbsp;&nbsp;&nbsp;&nbsp;&nbsp; T-BILIRUBIN: &nbsp; 0-11.7 mg/dl<br />FEMALE:&nbsp; 14 - 59 U/L&nbsp;&nbsp;&nbsp; &nbsp;&nbsp;&nbsp;&nbsp;&nbsp;&nbsp;&nbsp;&nbsp;&nbsp;&nbsp;&nbsp;&nbsp;&nbsp;&nbsp;&nbsp;&nbsp;&nbsp; D-BILIRUBIN:&nbsp; 0-1.7 mg/dl<br /><br /><em><strong>Reference Range for PAEDIATRIC</strong> </em><br /><span style="text-decoration: underline;"><strong>Alkaline Phosphatase</strong>&nbsp;</span>&nbsp;&nbsp; &nbsp;&nbsp;&nbsp; &nbsp;&nbsp;&nbsp;&nbsp;&nbsp;&nbsp;&nbsp;&nbsp;&nbsp;&nbsp;&nbsp;&nbsp;&nbsp;&nbsp;&nbsp;&nbsp;&nbsp;&nbsp;&nbsp;&nbsp;&nbsp;&nbsp;&nbsp; <span style="text-decoration: underline;"><strong>Proteins</strong></span><br />LESS THAN ONE YEAR: 396 - 1107 U/L&nbsp;&nbsp;&nbsp;&nbsp;&nbsp;&nbsp; DAY 1: &nbsp; &nbsp; &nbsp; &nbsp; &nbsp; &nbsp; &nbsp; &nbsp; &nbsp;&nbsp;&nbsp; 3.4 - 5.0 g/dl<br />2 - 12 YEARS :&nbsp;&nbsp;&nbsp;&nbsp;&nbsp;&nbsp;&nbsp;&nbsp;&nbsp;&nbsp;&nbsp; 444 - 720 U/L&nbsp;&nbsp;&nbsp; &nbsp;&nbsp;&nbsp;&nbsp; DAY 1 - 4 WEEKS:&nbsp;&nbsp;&nbsp;&nbsp; 4.6 - 6.8 g/dl<br />13 - 17 YEARS :&nbsp;&nbsp;&nbsp;&nbsp;&nbsp;&nbsp;&nbsp;&nbsp;&nbsp; 296 - 448 U/L&nbsp;&nbsp;&nbsp; &nbsp;&nbsp;&nbsp;&nbsp; 2 - 12 MONTHS:&nbsp;&nbsp;&nbsp;&nbsp;&nbsp;&nbsp;&nbsp;&nbsp; 4.8 - 7.0 g/dl<br />&nbsp;&nbsp;&nbsp; &nbsp;&nbsp;&nbsp; &nbsp;&nbsp;&nbsp; &nbsp;&nbsp;&nbsp; &nbsp;&nbsp; &nbsp; &nbsp; &nbsp; &nbsp; &nbsp; &nbsp; &nbsp; &nbsp; &nbsp; &nbsp; &nbsp; &nbsp; &nbsp; &nbsp; &nbsp; &nbsp; &nbsp; &nbsp; &nbsp; &nbsp;&nbsp;&nbsp;&nbsp;&nbsp;&nbsp; MORE THAN 1 YEAR: 6.6 - 8.7 g/dl</div>', NULL),
(159, 'BC159', 'Luteinizing Hormone (LH)', 'NO', '1700.00', 'Red , Plain', 'BIOCHEMISTRY', '', NULL),
(160, 'BC160', 'Magnesium Serum', 'NO', '680.00', 'Red , Plain', 'BIOCHEMISTRY', '', NULL),
(161, 'BC161', 'Magnesium Urine', 'NO', '680.00', 'Urine container supplied', 'BIOCHEMISTRY', '', NULL),
(162, 'BC162', 'Urine  Microalbumin / Creatinine Ratio Profile', 'YES', '820.00', 'Urine container supplied', 'BIOCHEMISTRY', '<div><strong>REFERENCE RANGE</strong></div>\r\n<div><em>For Spot samples Albumin / Creatinine Ratio</em></div>\r\n<div>Normoalbuminuria:&nbsp; &lt;30 mg/g of creatinine</div>\r\n<div>Microalbuminuria:&nbsp; &nbsp; 30-300 mg/g of creatinine</div>\r\n<div>Macroalbuminuria:&nbsp; &nbsp;&gt;300 mg/g of creatinine</div>\r\n<div>&nbsp;</div>\r\n<div>Source: The published guideline of The national kidney foundation.</div>\r\n<div>Kidney disease outcomes quality initiative (NKF KDOQI).</div>\r\n<div>www.kdoqi.org</div>', NULL),
(163, 'BC163', 'Myoglobin Serum', 'NO', '2540.00', 'Red , Plain', 'BIOCHEMISTRY', '', NULL),
(164, 'BC164', 'Myoglobin Urine', 'NO', '2540.00', 'Urine container supplied', 'BIOCHEMISTRY', '', NULL),
(165, 'BC165', 'Neonatal TSH (NEO TSH)', 'NO', '870.00', 'Spotting S and S filter Paper', 'BIOCHEMISTRY', '', NULL),
(166, 'BC166', 'Oestradiol', 'NO', '2370.00', 'Red , Plain', 'BIOCHEMISTRY', '', NULL),
(167, 'BC167', 'Osmalality Breast milk', 'NO', '1450.00', 'Containner Supplied', 'BIOCHEMISTRY', '', NULL),
(168, 'BC168', 'Osmalality Serum', 'NO', '1450.00', 'Red , Plain', 'BIOCHEMISTRY', '', NULL),
(169, 'BC169', 'Osmalality Urine', 'NO', '1450.00', 'Containner Supplied', 'BIOCHEMISTRY', '', NULL),
(170, 'BC170', 'Osmalality Serum and Urine', 'NO', '2900.00', 'Red , Plain Urine Containner Supplied', 'BIOCHEMISTRY', '', NULL),
(171, 'BC171', 'Paracitamal Level ', 'NO', '8220.00', 'Red , Plain', 'BIOCHEMISTRY', '', NULL),
(172, 'BC172', 'Parathyroid Hormone', 'NO', '5800.00', 'Red , Plain , Green, EDTA', 'BIOCHEMISTRY', '', NULL),
(173, 'BC173', 'Phosphorus Inorganic Serum', 'YES', '470.00', 'Red , Plain', 'BIOCHEMISTRY', '<div><strong>Pediatric Reference Range For Serum Phosphorus</strong><br />Neonates:&nbsp;&nbsp;&nbsp;&nbsp;&nbsp;&nbsp;&nbsp; 5.0-9.6 mg/dl<br />2-12 months:&nbsp; 5.0-10.8 mg/dl<br />&gt;1 Year: &nbsp; &nbsp; &nbsp; &nbsp;&nbsp; 3.4-6.2 mg/dl</div>', NULL),
(174, 'BC174', 'Phosphorus Inorganic Urine', 'NO', '470.00', 'Urine container supplied', 'BIOCHEMISTRY', '', NULL),
(175, 'BC175', 'Pleural Fluid for pH', 'NO', '250.00', 'Send the specimen in a screw capped container. Speak to the Lab, beforehand. Send for tsting immediately. Handover specimen directly to the MLT performing the test.', 'BIOCHEMISTRY', '', NULL),
(176, 'BC176', 'Post Prandial Urine Sugar and Blood Sugar', 'NO', '500.00', 'Orange , Sugar tube  Urine container supplied', 'BIOCHEMISTRY', '', NULL),
(177, 'BC177', 'Potassium Serum', 'NO', '570.00', 'Red , Plain', 'BIOCHEMISTRY', '', NULL),
(178, 'BC178', 'Potassium Urine', 'NO', '570.00', 'Urine container supplied', 'BIOCHEMISTRY', '', NULL),
(179, 'BC179', 'Pregnancy Test Urine', 'NO', '410.00', 'Urine container supplied', 'BIOCHEMISTRY', '', NULL),
(180, 'BC180', 'Pregnancy Test In Dilutions Urine', 'NO', '1170.00', 'Urine container supplied', 'BIOCHEMISTRY', '', NULL),
(181, 'BC181', 'Pregnancy Test Blood (Method ELISA)', 'NO', '700.00', 'Red , Plain', 'BIOCHEMISTRY', '', NULL),
(182, 'BC182', 'Pregnancy Test Urine (Method ELISA)', 'NO', '700.00', 'Urine container supplied', 'BIOCHEMISTRY', '', NULL),
(183, 'BC183', 'Pro BNP', 'NO', '4650.00', 'Red , Plain', 'BIOCHEMISTRY', '', NULL),
(184, 'BC184', 'Pro Calcitonin Level ', 'NO', '10230.00', 'Red , Plain', 'BIOCHEMISTRY', '', NULL),
(185, 'BC185', 'Progesterone', 'NO', '2170.00', 'Red , Plain', 'BIOCHEMISTRY', '', NULL),
(186, 'BC186', 'Prolactin', 'NO', '1680.00', 'Red , Plain', 'BIOCHEMISTRY', '', NULL),
(187, 'BC187', 'Protein Total', 'NO', '620.00', 'Red , Plain', 'BIOCHEMISTRY', '', NULL),
(188, 'BC188', 'Pleural Fluid for Protein', 'NO', '710.00', 'Clean screw capped container', 'BIOCHEMISTRY', '', NULL),
(189, 'BC189', 'Renal Profile', 'NO', '2880.00', 'Red , Plain', 'BIOCHEMISTRY', '<p><strong>Reference Ranges</strong><br /><em><span style="text-decoration: underline;"><strong>Serum Calcium</strong> </span></em>&nbsp;&nbsp;&nbsp; &nbsp;&nbsp;&nbsp; &nbsp;&nbsp;&nbsp; &nbsp;&nbsp;&nbsp;&nbsp;&nbsp;&nbsp;&nbsp;&nbsp;&nbsp;&nbsp;&nbsp;&nbsp;&nbsp;&nbsp;&nbsp;&nbsp; <em><strong><span style="text-decoration: underline;">Serum Phosphorus</span></strong></em><br />1 day - 4 week: 7.2-11.2 mg/dl&nbsp;&nbsp;&nbsp; &nbsp;&nbsp;&nbsp;&nbsp;&nbsp; Neonates: &nbsp; &nbsp;&nbsp;&nbsp; 5.0-9.6 mg/dl<br />2-12 months:&nbsp;&nbsp; 8.4-10.8 mg/dl &nbsp;&nbsp;&nbsp; &nbsp;&nbsp;&nbsp;&nbsp;&nbsp; 2-12 months: 5.0-10.8 mg/dl<br />&gt;1 year:&nbsp;&nbsp;&nbsp;&nbsp;&nbsp;&nbsp;&nbsp;&nbsp;&nbsp;&nbsp; 8.4-10.4 mg/dl&nbsp;&nbsp;&nbsp; &nbsp;&nbsp;&nbsp;&nbsp;&nbsp; &gt;1 Year:&nbsp;&nbsp;&nbsp;&nbsp;&nbsp;&nbsp;&nbsp;&nbsp;&nbsp; 3.4-6.2 mg/dl<br />adults:&nbsp;&nbsp;&nbsp;&nbsp;&nbsp;&nbsp;&nbsp;&nbsp;&nbsp;&nbsp;&nbsp;&nbsp;&nbsp; 8.5-10.1 mg/dl&nbsp;&nbsp;&nbsp; &nbsp;&nbsp;&nbsp; &nbsp; Adults: &nbsp; &nbsp; &nbsp; &nbsp; &nbsp;&nbsp; 2.7-4.5 mg/dl<br /><br /><em><span style="text-decoration: underline;"><strong>Serum Uric Acid</strong></span> </em>&nbsp;&nbsp;&nbsp; &nbsp;&nbsp;&nbsp;&nbsp;&nbsp;&nbsp;&nbsp;&nbsp;&nbsp;&nbsp;&nbsp;&nbsp;&nbsp;&nbsp;&nbsp;&nbsp;&nbsp;&nbsp;&nbsp;&nbsp;&nbsp;&nbsp;&nbsp; <em><strong><span style="text-decoration: underline;">Serum Creatinine</span></strong></em><br />Male :&nbsp;&nbsp;&nbsp;&nbsp;&nbsp; 3.5 - 7.2 mg/dL&nbsp;&nbsp;&nbsp;&nbsp;&nbsp;&nbsp;&nbsp;&nbsp;&nbsp;&nbsp;&nbsp;&nbsp;&nbsp;&nbsp;&nbsp;&nbsp; Males : &nbsp; &nbsp; 0.7 - 1.3 mg/dl<br />Female :&nbsp; 2.6 - 6.0 mg/dL&nbsp;&nbsp;&nbsp;&nbsp;&nbsp;&nbsp;&nbsp;&nbsp;&nbsp;&nbsp;&nbsp;&nbsp;&nbsp;&nbsp;&nbsp;&nbsp;&nbsp; Females : 0.55 - 1.02 mg/dl</p>', NULL),
(190, 'BC190', 'Renin', 'YES', '5480.00', 'Green, EDTA', 'BIOCHEMISTRY', '', NULL),
(191, 'BC191', 'Renin / Aldosterone ratio', 'NO', '9590.00', 'Red , Plain , Green, EDTA', 'BIOCHEMISTRY', '', NULL),
(192, 'BC192', 'Sex Hormone Binding Globulin (SHBG)', 'NO', '2740.00', 'Red , Plain', 'BIOCHEMISTRY', '', NULL),
(193, 'BC193', 'Sodium Serum ', 'NO', '560.00', 'Red , Plain', 'BIOCHEMISTRY', '', NULL),
(194, 'BC194', 'Sodium Urine', 'NO', '560.00', 'Urine container supplied', 'BIOCHEMISTRY', '', NULL),
(195, 'BC195', 'Stone Analysis', 'NO', '1770.00', 'Renal Stone/s', 'BIOCHEMISTRY', '', NULL),
(196, 'BC196', 'Tacrolimus', 'NO', '6570.00', 'Green, EDTA', 'BIOCHEMISTRY', '', NULL),
(197, 'BC197', 'Testosterone', 'NO', '2430.00', 'Red , Plain', 'BIOCHEMISTRY', '', NULL),
(198, 'BC198', 'Thyroglobulin Studies', 'NO', '3830.00', 'Red , Plain', 'BIOCHEMISTRY', '', NULL),
(199, 'BC199', 'Thyroid Profile', 'NO', '3600.00', 'Red , Plain', 'BIOCHEMISTRY', '', NULL),
(200, 'BC200', 'Total Iron Binding Capacity (TIBC)', 'NO', '1170.00', 'Red , Plain', 'BIOCHEMISTRY', '', NULL),
(201, 'BC201', 'Triglycerides', 'NO', '480.00', 'Red , Plain', 'BIOCHEMISTRY', '', NULL),
(202, 'BC202', 'Tropenin I Quantitative (cTnI)', 'NO', '2610.00', 'Red , Plain', 'BIOCHEMISTRY', '', NULL),
(203, 'BC203', 'Tropenin T Quantitative (cTnI)', 'NO', '3210.00', 'Green, EDTA', 'BIOCHEMISTRY', '', NULL),
(204, 'BC204', 'Tropenin I Qualitative', 'YES', '1600.00', 'Red , Plain', 'BIOCHEMISTRY', '', NULL),
(205, 'BC205', 'Tropenin T Quantitative (Rapid Test)', 'NO', '1610.00', 'Green, EDTA', 'BIOCHEMISTRY', '', NULL),
(206, 'BC206', 'Thyroid Stimulating Hormone (TSH) 3rd Generation', 'NO', '1200.00', 'Red , Plain', 'BIOCHEMISTRY', '', NULL),
(207, 'BC207', 'Thyroid Stimulating Hormone (TSH) 3rd Generation / Free T4', 'NO', '2560.00', 'Red , Plain', 'BIOCHEMISTRY', '', NULL),
(208, 'BC208', 'U.I.B.C (Unsaturated Iron Binding Capacity, UIBC)', 'NO', '1020.00', 'Red , Plain', 'BIOCHEMISTRY', '', NULL),
(209, 'BC209', 'Urea - Urine', 'NO', '450.00', 'Red , Plain', 'BIOCHEMISTRY', '', NULL),
(210, 'BC210', 'Urea - Blood', 'NO', '450.00', 'Urine container supplied', 'BIOCHEMISTRY', '', NULL),
(211, 'BC211', 'Uric Acid Serum', 'YES', '480.00', 'Red , Plain', 'BIOCHEMISTRY', '<div><strong>SERUM URIC ACID REFERENCE RANGE</strong></div>\r\n<div>Female :&nbsp; &nbsp;2.6 - 6.0 mg/dL</div>\r\n<div>Male :&nbsp; &nbsp; &nbsp; &nbsp;3.5 - 7.2 mg/dL</div>\r\n<div>&nbsp;</div>', NULL),
(212, 'BC212', 'Uric Acid Urine', 'NO', '480.00', 'Urine container supplied', 'BIOCHEMISTRY', '', NULL),
(213, 'BC213', 'Urine for Chloride', 'NO', '480.00', 'Urine container supplied', 'BIOCHEMISTRY', '', NULL),
(214, 'BC214', 'Urine Albumin : Creatinine Ratio', 'NO', '580.00', 'Urine container supplied', 'BIOCHEMISTRY', '', NULL),
(215, 'BC215', 'Urine Catocholamones', 'NO', '33650.00', 'Urine container supplied', 'BIOCHEMISTRY', '', NULL),
(216, 'BC216', 'Urine Creatinine, Sodium : Calcium Ratio', 'NO', '1510.00', 'Urine container supplied', 'BIOCHEMISTRY', '', NULL),
(217, 'BC217', 'Urine for Abused Drugs Screening', 'NO', '3530.00', 'Urine container supplied', 'BIOCHEMISTRY', '', NULL),
(218, 'BC218', 'Urine Myglobin', 'NO', '5470.00', 'Urine container supplied', 'BIOCHEMISTRY', '', NULL),
(219, 'BC219', 'Urine Protein / Creatine Ratio', 'YES', '580.00', 'Urine container supplied', 'BIOCHEMISTRY', '<div><strong>INTERPRETATION OF RESULTS</strong></div>\r\n<div><strong>A.</strong> <em>Children under 2 years</em></div>\r\n<div>Normal Ratio: Less than 0.5 Protein(mg)/Creatinine(mg)</div>\r\n<div>&nbsp;</div>\r\n<div><strong>B.</strong> <em>Adults and children above 2 years</em></div>\r\n<div>Normal Ratio: Less than 0.2 Protein(mg)/Creatinine(mg)</div>', NULL),
(220, 'BC220', '17 Hydroxy Progesterone (Blood)', 'NO', '3420.00', 'Red , Plain', 'BIOCHEMISTRY', '', NULL),
(221, 'BC221', '17 Hydroxy Progesterone (Urine)', 'NO', '3420.00', 'Urine container supplied', 'BIOCHEMISTRY', '', NULL),
(222, 'BC222', 'Vitamin D Level (Total 25-hydroxy Vitamin D)', 'NO', '5430.00', 'Red , Plain', 'BIOCHEMISTRY', '', NULL),
(223, 'BC223', '24 Hours Urine Albumin', 'NO', '820.00', 'Urine container supplied', 'BIOCHEMISTRY', '', NULL),
(224, 'BC224', '24 Hours Urine Amylase', 'NO', '680.00', 'Urine container supplied', 'BIOCHEMISTRY', '', NULL),
(225, 'BC225', '24 Hours Urine Calcium', 'NO', '730.00', 'Urine container supplied', 'BIOCHEMISTRY', '', NULL),
(226, 'BC226', '24 Hours Urine Citrate', 'NO', '3590.00', 'Urine container supplied', 'BIOCHEMISTRY', '', NULL),
(227, 'BC227', '24 Hours Urine Copper', 'NO', '3090.00', 'Urine container supplied', 'BIOCHEMISTRY', '', NULL),
(228, 'BC228', '24 Hours Urine Electrolytes', 'NO', '820.00', 'Urine container supplied', 'BIOCHEMISTRY', '', NULL),
(229, 'BC229', '24 Hours Urine Free Cortisol', 'NO', '11140.00', 'Urine container supplied', 'BIOCHEMISTRY', '', NULL),
(230, 'BC230', '24 Hours Urine Magnesium', 'NO', '880.00', 'Urine container supplied', 'BIOCHEMISTRY', '', NULL),
(231, 'BC231', '24 Hours Urine for Metanephrines', 'NO', '3290.00', 'Urine container supplied', 'BIOCHEMISTRY', '', NULL),
(232, 'BC232', '24 Hours Urine for Normetenephrines', 'NO', '3290.00', 'Urine container supplied', 'BIOCHEMISTRY', '', NULL),
(233, 'BC233', '24 Hours Urine Micoalbuminoria', 'NO', '930.00', 'Urine container supplied', 'BIOCHEMISTRY', '', NULL),
(234, 'BC234', '24 Hours Urine Oxalate', 'NO', '3590.00', 'Urine container supplied', 'BIOCHEMISTRY', '', NULL),
(235, 'BC235', '24 Hours Urine pH', 'NO', '140.00', 'Urine container supplied', 'BIOCHEMISTRY', '', NULL),
(236, 'BC236', '24 Hours Urine Phosphorus', 'NO', '850.00', 'Urine container supplied', 'BIOCHEMISTRY', '', NULL),
(237, 'BC237', '24 Hours Urine Protein', 'NO', '820.00', 'Urine container supplied', 'BIOCHEMISTRY', '', NULL),
(238, 'BC238', '24 Hours Urine Urea', 'NO', '600.00', 'Urine container supplied', 'BIOCHEMISTRY', '', NULL),
(239, 'BC239', '24 Hours Urine Uric Acid', 'NO', '730.00', 'Urine container supplied', 'BIOCHEMISTRY', '', NULL),
(240, 'BC240', '24 Hours Urine V.M.A (Vanillylmandelic acid)', 'NO', '4300.00', 'Urine container supplied', 'BIOCHEMISTRY', '', NULL),
(241, 'BC241', 'Zinc', 'NO', '5270.00', 'Red , Plain', 'BIOCHEMISTRY', '', NULL),
(242, 'CP1', 'Lithogenic urine (determine tendency to stone formation)', 'NO', '970.00', 'Urine container Supplied', 'CLINICALPATHALOGY', '', NULL),
(243, 'CP2', 'Seminal Fluid Analysis (SFA)', 'NO', '660.00', 'Clean screw capped container Supplied', 'CLINICALPATHALOGY', '', NULL),
(244, 'CP3', 'Stool for Fat Globules', 'NO', '390.00', 'Container Supplied', 'CLINICALPATHALOGY', '', NULL),
(245, 'CP4', 'Stool For Full Report (Stool FR)', 'YES', '210.00', 'Container Supplied', 'CLINICALPATHALOGY', '', NULL),
(246, 'CP5', 'Stools For Occult Blood / FOB ', 'YES', '560.00', 'Container Supplied', 'CLINICALPATHALOGY', '<div>The test was done by Immunochromatographic Method. It is specific for human hemoglobin.</div>', NULL),
(247, 'CP6', 'Stools For Reducing Substances', 'NO', '270.00', 'Container Supplied', 'CLINICALPATHALOGY', '', NULL),
(248, 'CP7', 'Stool for Stercobilinogen (Faecal Urobilinogen)', 'NO', '320.00', 'Container Supplied', 'CLINICALPATHALOGY', '', NULL),
(249, 'CP8', 'Stool for Trypsin', 'NO', '190.00', 'Container Supplied', 'CLINICALPATHALOGY', '', NULL),
(250, 'CP9', 'Urine Flow Rate', 'NO', '930.00', 'Test done in the OPD Lab - Give patient instructions.', 'CLINICALPATHALOGY', '', NULL),
(251, 'CP10', 'Urine for Eosinophils', 'NO', '170.00', 'Container Supplied', 'CLINICALPATHALOGY', '', NULL),
(252, 'CP11', 'Urine for Fat Globules', 'NO', '390.00', 'Container Supplied', 'CLINICALPATHALOGY', '', NULL),
(253, 'CP12', 'Urine for Nitrite', 'NO', '250.00', 'Container Supplied', 'CLINICALPATHALOGY', '', NULL),
(254, 'CP13', 'Urine Porphyrins', 'NO', '570.00', 'Container Supplied', 'CLINICALPATHALOGY', '', NULL),
(255, 'CP14', 'Urine Porphobilinogen', 'NO', '820.00', 'Container Supplied', 'CLINICALPATHALOGY', '', NULL),
(256, 'CP15', 'Urine Albumin', 'NO', '190.00', 'Container Supplied', 'CLINICALPATHALOGY', '', NULL),
(257, 'CP16', 'Urine Bence Jones Protein', 'NO', '730.00', 'Container Supplied', 'CLINICALPATHALOGY', '', NULL),
(258, 'CP17', 'Urine Bile', 'NO', '190.00', 'Container Supplied', 'CLINICALPATHALOGY', '', NULL),
(259, 'CP18', 'Urine Chyle', 'NO', '370.00', 'Container Supplied', 'CLINICALPATHALOGY', '', NULL),
(260, 'CP19', 'Urine Dysmorphic Red Cells', 'NO', '960.00', 'Container Supplied', 'CLINICALPATHALOGY', '', NULL),
(261, 'CP20', 'Urine Full Report (UFR)', 'YES', '270.00', 'Container Supplied', 'CLINICALPATHALOGY', '', NULL),
(262, 'CP21', 'Urine Ketone Bodies', 'NO', '190.00', 'Container Supplied', 'CLINICALPATHALOGY', '', NULL),
(263, 'CP22', 'Urine Protein', 'NO', '190.00', 'Container Supplied', 'CLINICALPATHALOGY', '', NULL),
(264, 'CP23', 'Urine pH', 'NO', '140.00', 'Container Supplied', 'CLINICALPATHALOGY', '', NULL),
(265, 'CP24', 'Urine Sugar', 'NO', '190.00', 'Container Supplied', 'CLINICALPATHALOGY', '', NULL),
(266, 'CP25', 'Urine Urobilinogen', 'NO', '190.00', 'Container Supplied', 'CLINICALPATHALOGY', '', NULL),
(267, 'HM1', 'Active Pertial Thromboplastin Time (APTT)', 'NO', '680.00', 'Blue, Citrate', 'HEAMATOLOGY', '', NULL),
(268, 'HM2', 'Anti Thrombin III', 'NO', '3740.00', 'Green, EDTA', 'HEAMATOLOGY', '', NULL),
(269, 'HM3', 'Bleeding Time (BT)', 'NO', '410.00', 'Green, EDTA', 'HEAMATOLOGY', '', NULL),
(270, 'HM4', 'Bleeding Time /Clotting Time (BT/CT)', 'YES', '410.00', 'Green, EDTA', 'HEAMATOLOGY', '', NULL),
(271, 'HM5', 'Blood Group', 'YES', '410.00', 'Green, EDTA', 'HEAMATOLOGY', '', NULL),
(272, 'HM6', 'Blood Picture', 'NO', '980.00', 'Green, EDTA', 'HEAMATOLOGY', '', NULL),
(273, 'HM7', 'Blood Picture (slide only)', 'NO', '790.00', 'Send the slides stained with leishman\'s stain', 'HEAMATOLOGY', '', NULL),
(274, 'HM8', 'Bone Marrow Biopsy', 'NO', '9790.00', '', 'HEAMATOLOGY', '', NULL),
(275, 'HM9', 'Clotting Profile (BT / CT, PT, APTT, TT, Fibrinogen, Platelet Count) Bleeding time if platelet count is normal only.', 'NO', '2730.00', 'Blue, Citrate', 'HEAMATOLOGY', '', NULL),
(276, 'HM10', 'Clotting time', 'NO', '460.00', 'Green, EDTA', 'HEAMATOLOGY', '', NULL),
(277, 'HM11', 'Clot Solubility test for factor XIII', 'NO', '910.00', 'Blue, PT - Tube (Citrate)', 'HEAMATOLOGY', '', NULL),
(278, 'HM12', 'Coagulation Factor VIII', 'NO', '5750.00', 'Blue, PT - Tube (Citrate)', 'HEAMATOLOGY', '', NULL),
(279, 'HM13', 'Coagulation Factor IX', 'NO', '5480.00', 'Blue, PT - Tube (Citrate)', 'HEAMATOLOGY', '', NULL),
(280, 'HM14', 'Coomb\'s Indirect (Done in the Blood Bank)', 'NO', '800.00', 'Red, Plain', 'HEAMATOLOGY', '', NULL),
(281, 'HM15', 'Coomb\'s Direct (Done in the Blood Bank)', 'NO', '450.00', 'Green, EDTA', 'HEAMATOLOGY', '', NULL),
(282, 'HM16', 'Cryoglobulin ', 'NO', '3520.00', 'Red, Plain', 'HEAMATOLOGY', '', NULL),
(283, 'HM17', 'D Dimers Blood', 'NO', '4540.00', 'Blue, PT - Tube (Citrate)', 'HEAMATOLOGY', '', NULL),
(284, 'HM18', 'Erythrocyte Sedimentation Rate (ESR)', 'YES', '240.00', 'Green, EDTA', 'HEAMATOLOGY', '<div><strong>Reference Range:</strong></div>\r\n<div><em><strong>Age (Years) Male Female</strong></em></div>\r\n<div><strong>17-50</strong> &lt;10 &nbsp; &nbsp; &nbsp; &nbsp; &nbsp; &lt;12&nbsp;</div>\r\n<div><strong>51-60</strong>  &lt;12 &nbsp; &nbsp; &nbsp; &nbsp; &nbsp; &lt;19</div>\r\n<div><strong>61-70</strong>  &lt;14 &nbsp; &nbsp; &nbsp; &nbsp; &nbsp; &lt;20</div>\r\n<div><strong>&gt;70</strong>  &lt;30 &nbsp; &nbsp; &nbsp; &nbsp; &nbsp; &lt;35</div>\r\n<div>&nbsp;</div>\r\n<div>(Dacie and Lewis Practical Haematology: Ninth Edition)</div>', NULL),
(285, 'HM19', 'Factor VIII & IX', 'NO', '240.00', 'Pink, ESR', 'HEAMATOLOGY', '', NULL),
(286, 'HM20', 'Fibrinogen', 'NO', '13170.00', 'Blue, Citrate', 'HEAMATOLOGY', '', NULL),
(287, 'HM21', 'Full Blood Count (FBC)', 'YES', '810.00', 'Blue, Citrate', 'HEAMATOLOGY', '', NULL),
(288, 'HM22', 'Haemoglobin ', 'NO', '440.00', 'Green, EDTA', 'HEAMATOLOGY', '', NULL),
(289, 'HM23', 'HPLC (Quantification of Haemoglobin ', 'NO', '350.00', 'Green, EDTA', 'HEAMATOLOGY', '', NULL),
(290, 'HM24', 'L.E Cells', 'NO', '3300.00', 'Green, EDTA', 'HEAMATOLOGY', '', NULL),
(291, 'HM25', 'Lupus Anticoagulant (LA Test)', 'NO', '710.00', 'Red, Plain', 'HEAMATOLOGY', '', NULL),
(292, 'HM26', 'Malaria Parasite Thick Film', 'NO', '7150.00', 'Blue, PT - Tube (Citrate)', 'HEAMATOLOGY', '', NULL),
(293, 'HM27', 'Malaria Parasite Thin Film', 'NO', '330.00', 'Green, EDTA', 'HEAMATOLOGY', '', NULL),
(294, 'HM28', 'Malaria Parasite Thin and Thick Film ', 'NO', '570.00', 'Green, EDTA', 'HEAMATOLOGY', '', NULL),
(295, 'HM29', 'Meth Heamoglobin ', 'NO', '550.00', 'Green, EDTA', 'HEAMATOLOGY', '', NULL),
(296, 'HM30', 'Microfilaria Capillary Blood Film', 'NO', '2590.00', 'Green, EDTA', 'HEAMATOLOGY', '', NULL),
(297, 'HM31', 'Osmotic Fragility Of Test (Done in the immunology section)', 'NO', '270.00', 'Green, EDTA', 'HEAMATOLOGY', '', NULL),
(298, 'HM32', 'Platelet Count ', 'NO', '1720.00', 'Heparin', 'HEAMATOLOGY', '', NULL),
(299, 'HM33', 'Prothrombin Time (PT) , Plasma', 'YES', '350.00', 'Green, EDTA', 'HEAMATOLOGY', '<blockquote>\r\n<p style="text-align: left;"><strong>INTERNATIONAL SENSITIVITY INDEX(ISI) 0.99</strong><br /><strong>INTERNATIONAL NORMALIZED RATIO (INR) 2.45</strong><br /><strong>THROMBOKINASE USED THROMBOREL S ON CA - 660</strong></p>\r\n</blockquote>', NULL),
(300, 'HM34', 'PCV (Packed Cell Volume, Haematocrit)', 'NO', '880.00', 'Blue, PT - Tube (Citrate)', 'HEAMATOLOGY', '', NULL),
(301, 'HM35', 'Protein C', 'NO', '390.00', 'Green, EDTA', 'HEAMATOLOGY', '', NULL),
(302, 'HM36', 'Protein S', 'NO', '13150.00', 'Blue, PT - Tube (Citrate)', 'HEAMATOLOGY', '', NULL),
(303, 'HM37', 'Protein C and Protein S ', 'NO', '13150.00', 'Blue, PT - Tube (Citrate)', 'HEAMATOLOGY', '', NULL),
(304, 'HM38', 'Hemoglobin & RBC (Red Blood Cells)', 'YES', '17420.00', 'Blue, PT - Tube (Citrate)', 'HEAMATOLOGY', '', NULL),
(305, 'HM39', 'Reticulocyte Count (Retic Count)', 'NO', '440.00', 'Green, EDTA', 'HEAMATOLOGY', '', NULL),
(306, 'HM40', 'Rhesus Antibody (RH Ab) (Done in blood Bank)', 'NO', '410.00', 'Green, EDTA', 'HEAMATOLOGY', '', NULL),
(307, 'HM41', 'Sickling Test', 'NO', '1450.00', 'Red, Plain', 'HEAMATOLOGY', '', NULL),
(308, 'HM42', 'Unexpected Antibodies (Done in the blood bank)', 'NO', '500.00', 'Green, EDTA', 'HEAMATOLOGY', '', NULL),
(309, 'HM43', 'Thrombin Time', 'NO', '1450.00', 'Red, Plain', 'HEAMATOLOGY', '', NULL),
(310, 'HM44', 'Urine For Haemosiderin (Done in the Histopathology section)', 'NO', '1300.00', 'Blue, PT - Tube (Citrate)', 'HEAMATOLOGY', '', NULL),
(311, 'HM45', 'WBC and DC (Differential Cell Count)', 'NO', '1470.00', 'Green, EDTA', 'HEAMATOLOGY', '', NULL),
(312, 'HM46', 'ABST Only', 'NO', '480.00', 'Screw capped sterile container', 'HEAMATOLOGY', '', NULL),
(313, 'MB1', 'Ascitic Fluid for culture and ABST', 'NO', '970.00', 'Screw capped sterile container', 'MICROBIOLOGY', '', NULL),
(314, 'MB2', 'Ascitic Fluid for culture only', 'NO', '480.00', 'Sterile swab in transport medium', 'MICROBIOLOGY', '', NULL),
(315, 'MB3', 'Axillary swab for culture only', 'NO', '480.00', 'Sterile swab in transport medium', 'MICROBIOLOGY', '', NULL),
(316, 'MB4', 'Axillary swab for culture only (left)', 'NO', '480.00', 'Sterile swab in transport medium', 'MICROBIOLOGY', '', NULL),
(317, 'MB5', 'Axillary swab for culture only (right)', 'NO', '480.00', 'Sterile swab in transport medium', 'MICROBIOLOGY', '', NULL),
(318, 'MB6', 'Axillary swab for culture and ABST', 'NO', '970.00', 'Sterile swab in transport medium', 'MICROBIOLOGY', '', NULL),
(319, 'MB7', 'Axillary swab for culture and ABST (left)', 'NO', '970.00', 'Sterile swab in transport medium', 'MICROBIOLOGY', '', NULL),
(320, 'MB8', 'Axillary swab for culture and ABST (right)', 'NO', '14870.00', 'Sterile swab in transport medium', 'MICROBIOLOGY', '', NULL),
(321, 'MB9', 'Bacterial Ag', 'NO', '730.00', 'Sterile universal containers containing 5mL BHI', 'MICROBIOLOGY', '', NULL),
(322, 'MB10', 'Blood culture only', 'NO', '1220.00', 'Sterile universal containers containing 5mL BHI', 'MICROBIOLOGY', '', NULL),
(323, 'MB11', 'Blood culture and ABST', 'NO', '2420.00', 'BACTEC culture bottel', 'MICROBIOLOGY', '', NULL),
(324, 'MB12', 'Blood culture only BACTEC', 'NO', '2930.00', 'BACTEC culture bottel', 'MICROBIOLOGY', '', NULL),
(325, 'MB13', 'Blood culture BACTE and ABST', 'NO', '2420.00', 'BACTEC culture bottel', 'MICROBIOLOGY', '', NULL),
(326, 'MB14', 'Bone marrow culture only (BACTEC)', 'NO', '1220.00', 'BACTEC culture bottel', 'MICROBIOLOGY', '', NULL),
(327, 'MB15', 'Bone marrow culture and ABST ', 'NO', '2930.00', 'BACTEC culture bottel', 'MICROBIOLOGY', '', NULL);
INSERT INTO `labtest` (`id`, `code`, `name`, `labtest_done_here`, `price`, `sample_collecting_tube`, `department`, `description`, `comment`) VALUES
(328, 'MB16', 'Bone marrow culture and ABST (BACTEC)', 'NO', '480.00', 'Screw capped sterile container', 'MICROBIOLOGY', '', NULL),
(329, 'MB17', 'Bronchial wash culture only', 'NO', '970.00', 'Screw capped sterile container', 'MICROBIOLOGY', '', NULL),
(330, 'MB18', 'Bronchial wash culture and ABST', 'NO', '480.00', 'Strile universal container containing 5mL BHI or Bartec culture bottels', 'MICROBIOLOGY', '', NULL),
(331, 'MB19', 'Catheter Culture only', 'NO', '970.00', 'Strile universal container containing 5mL BHI or Bartec culture bottels', 'MICROBIOLOGY', '', NULL),
(332, 'MB20', 'Catheter Culture and ABST', 'NO', '730.00', 'Sterile universal containers containing 5mL BHI', 'MICROBIOLOGY', '', NULL),
(333, 'MB21', 'Clot culture only', 'NO', '1220.00', 'Sterile universal containers containing 5mL BHI', 'MICROBIOLOGY', '', NULL),
(334, 'MB22', 'Clot culture and ABST', 'NO', '480.00', 'Sterile swab in transport medium', 'MICROBIOLOGY', '', NULL),
(335, 'MB23', 'Conjunctival swab (CS) culture only', 'NO', '970.00', 'Sterile swab in transport medium', 'MICROBIOLOGY', '', NULL),
(336, 'MB24', 'Conjunctival swab (CS) culture and ABST', 'NO', '970.00', 'Sterile swab in transport medium', 'MICROBIOLOGY', '', NULL),
(337, 'MB25', 'Cluture and ABST', 'NO', '2930.00', 'Sterile swab in transport medium', 'MICROBIOLOGY', '', NULL),
(338, 'MB26', 'Cluture and ABST (BACTEC)', 'NO', '480.00', 'Sterile swab in transport medium', 'MICROBIOLOGY', '', NULL),
(339, 'MB27', 'Culture only', 'NO', '480.00', 'Screw capped sterile container', 'MICROBIOLOGY', '', NULL),
(340, 'MB28', 'CSF (Cerebrospinal Fluid) culture only', 'NO', '970.00', 'Screw capped sterile container', 'MICROBIOLOGY', '', NULL),
(341, 'MB29', 'CSF (Cerebrospinal Fluid) culture and ABST', 'NO', '480.00', 'Screw capped sterile container', 'MICROBIOLOGY', '', NULL),
(342, 'MB30', 'CVP Tip culture only', 'NO', '970.00', 'Screw capped sterile container', 'MICROBIOLOGY', '', NULL),
(343, 'MB31', 'CVP Tip culture and ABST', 'NO', '480.00', 'Sterile swab in transport medium', 'MICROBIOLOGY', '', NULL),
(344, 'MB32', 'Ear Swab for culture only', 'NO', '480.00', 'Sterile swab in transport medium', 'MICROBIOLOGY', '', NULL),
(345, 'MB33', 'Ear Swab for culture only (Left)', 'NO', '480.00', 'Sterile swab in transport medium', 'MICROBIOLOGY', '', NULL),
(346, 'MB34', 'Ear Swab for culture only (Right)', 'NO', '970.00', 'Sterile swab in transport medium', 'MICROBIOLOGY', '', NULL),
(347, 'MB35', 'Ear Swab for culture and ABST', 'NO', '970.00', 'Sterile swab in transport medium', 'MICROBIOLOGY', '', NULL),
(348, 'MB36', 'Ear Swab for culture and ABST (Left)', 'NO', '970.00', 'Sterile swab in transport medium', 'MICROBIOLOGY', '', NULL),
(349, 'MB37', 'Ear Swab for culture and ABST (Right)', 'NO', '480.00', 'Screw capped sterile container', 'MICROBIOLOGY', '', NULL),
(350, 'MB38', 'Endotrachial Secretion for culture only (E.T Secretion)', 'NO', '970.00', 'Sterile swab in transport medium', 'MICROBIOLOGY', '', NULL),
(351, 'MB39', 'Endotrachial Secretion for culture and ABST (E.T Secretion)', 'NO', '480.00', 'Sterile swab in transport medium', 'MICROBIOLOGY', '', NULL),
(352, 'MB40', 'Eye Swab for culture only', 'NO', '480.00', 'Sterile swab in transport medium', 'MICROBIOLOGY', '', NULL),
(353, 'MB41', 'EyeSwab for culture only (Left)', 'NO', '480.00', 'Sterile swab in transport medium', 'MICROBIOLOGY', '', NULL),
(354, 'MB42', 'Eye Swab for culture only (Right)', 'NO', '970.00', 'Sterile swab in transport medium', 'MICROBIOLOGY', '', NULL),
(355, 'MB43', 'Eye Swab for culture and ABST', 'NO', '970.00', 'Sterile swab in transport medium', 'MICROBIOLOGY', '', NULL),
(356, 'MB44', 'Eye Swab for culture and ABST (Left)', 'NO', '970.00', 'Sterile swab in transport medium', 'MICROBIOLOGY', '', NULL),
(357, 'MB45', 'Eye Swab for culture and ABST (Right)', 'NO', '500.00', 'Wrapped in a clean dry papera', 'MICROBIOLOGY', '', NULL),
(358, 'MB46', 'Fungal Culture (of scrapings and nail clippings)', 'NO', '460.00', 'Wrapped in a clean dry papera', 'MICROBIOLOGY', '', NULL),
(359, 'MB47', 'Fungal Microscopy (of scrapings and nail clippings)', 'NO', '480.00', '2 Slides wrapped in a clean dry paper', 'MICROBIOLOGY', '', NULL),
(360, 'MB48', 'GC Smear', 'NO', '480.00', 'Sterile swab in transport medium', 'MICROBIOLOGY', '', NULL),
(361, 'MB49', 'Genital Ulcer Swab culture (GUS) only', 'NO', '970.00', 'Sterile swab in transport medium', 'MICROBIOLOGY', '', NULL),
(362, 'MB50', 'Genital Ulcer Swab culture (GUS) and ABST', 'NO', '480.00', '2 Slides wrapped in a clean dry paper', 'MICROBIOLOGY', '', NULL),
(363, 'MB51', 'Gram stain', 'NO', '480.00', 'Sterile swab in transport medium', 'MICROBIOLOGY', '', NULL),
(364, 'MB52', 'Groin Swab for culture only', 'NO', '480.00', 'Sterile swab in transport medium', 'MICROBIOLOGY', '', NULL),
(365, 'MB53', 'Groin Swab for culture only (Left)', 'NO', '480.00', 'Sterile swab in transport medium', 'MICROBIOLOGY', '', NULL),
(366, 'MB54', 'Groin Swab for culture only (Right)', 'NO', '970.00', 'Sterile swab in transport medium', 'MICROBIOLOGY', '', NULL),
(367, 'MB55', 'Groin Swab for culture and ABST', 'NO', '970.00', 'Sterile swab in transport medium', 'MICROBIOLOGY', '', NULL),
(368, 'MB56', 'Groin Swab for culture and ABST(Left)', 'NO', '970.00', 'Sterile swab in transport medium', 'MICROBIOLOGY', '', NULL),
(369, 'MB57', 'Groin Swab for culture and ABST (Right)', 'NO', '480.00', 'Sterile swab in transport medium', 'MICROBIOLOGY', '', NULL),
(370, 'MB58', 'High Vaginal Swab for culture (HVS) and ABST', 'NO', '970.00', 'Sterile swab in transport medium', 'MICROBIOLOGY', '', NULL),
(371, 'MB59', 'High Vaginal Swab for culture (HVS) only', 'NO', '570.00', 'Two slides + Sample swab in sterile saline container', 'MICROBIOLOGY', '', NULL),
(372, 'MB60', 'High Vaginal (HV) Smear for full report', 'NO', '480.00', 'Screw capped sterile container', 'MICROBIOLOGY', '', NULL),
(373, 'MB61', 'Knee Joint Fluid for culture only', 'NO', '480.00', 'Screw capped sterile container', 'MICROBIOLOGY', '', NULL),
(374, 'MB62', ' Knee Joint Fluid for culture only (Left)', 'NO', '480.00', 'Screw capped sterile container', 'MICROBIOLOGY', '', NULL),
(375, 'MB63', 'Knee Joint Fluid for culture only (Right)', 'NO', '970.00', 'Screw capped sterile container', 'MICROBIOLOGY', '', NULL),
(376, 'MB64', 'Knee Joint Fluid for culture and ABST', 'NO', '970.00', 'Screw capped sterile container', 'MICROBIOLOGY', '', NULL),
(377, 'MB65', ' Knee Joint Fluid for culture and ABST (Left)', 'NO', '970.00', 'Screw capped sterile container', 'MICROBIOLOGY', '', NULL),
(378, 'MB66', 'Knee Joint Fluid for culture and ABST (Right)', 'NO', '480.00', 'Sterile swab in transport medium', 'MICROBIOLOGY', '', NULL),
(379, 'MB67', 'Nasal Swab for culture only', 'NO', '970.00', 'Sterile swab in transport medium', 'MICROBIOLOGY', '', NULL),
(380, 'MB68', 'Nasal Swab for culture and ABST', 'NO', '480.00', 'Sterile swab in transport medium', 'MICROBIOLOGY', '', NULL),
(381, 'MB69', 'Oral Swab for culture only', 'NO', '970.00', 'Sterile swab in transport medium', 'MICROBIOLOGY', '', NULL),
(382, 'MB70', 'Oral Swab for culture and ABST', 'NO', '480.00', 'Sterile swab in transport medium', 'MICROBIOLOGY', '', NULL),
(383, 'MB71', 'Plam Swab For Culture only', 'NO', '480.00', 'Sterile swab in transport medium', 'MICROBIOLOGY', '', NULL),
(384, 'MB72', 'Plam Swab For Culture only (Left)', 'NO', '480.00', 'Sterile swab in transport medium', 'MICROBIOLOGY', '', NULL),
(385, 'MB73', 'Plam Swab For Culture only (Righ)', 'NO', '970.00', 'Sterile swab in transport medium', 'MICROBIOLOGY', '', NULL),
(386, 'MB74', 'Plam Swab For Culture and ABST', 'NO', '970.00', 'Sterile swab in transport medium', 'MICROBIOLOGY', '', NULL),
(387, 'MB75', 'Plam Swab For Culture and ABST (Left)', 'NO', '970.00', 'Sterile swab in transport medium', 'MICROBIOLOGY', '', NULL),
(388, 'MB76', 'Plam Swab For Culture and ABST (Righ)', 'NO', '480.00', 'Screw capped sterile container', 'MICROBIOLOGY', '', NULL),
(389, 'MB77', 'Peritoneal Aspiration Fluid for culture only', 'NO', '970.00', 'Screw capped sterile container', 'MICROBIOLOGY', '', NULL),
(390, 'MB78', 'Peritoneal Aspiration Fluid for culture and ABST', 'NO', '480.00', 'Screw capped sterile container', 'MICROBIOLOGY', '', NULL),
(391, 'MB79', 'Pleural Fluid for culture only', 'NO', '970.00', 'Screw capped sterile container', 'MICROBIOLOGY', '', NULL),
(392, 'MB80', 'Pleural Fluid for culture and ABST ', 'NO', '480.00', 'Aspirate in syringe / Screw capped sterile container / Culture swab', 'MICROBIOLOGY', '', NULL),
(393, 'MB81', 'Pus for Culture only', 'NO', '970.00', 'Aspirate in syringe / Screw capped sterile container / Culture swab', 'MICROBIOLOGY', '', NULL),
(394, 'MB82', 'Pus for Culture and ABST', 'NO', '970.00', 'Screw capped sterile container', 'MICROBIOLOGY', '', NULL),
(395, 'MB83', 'Seminal Fluid for culture and ABST', 'NO', '480.00', 'Screw capped sterile container', 'MICROBIOLOGY', '', NULL),
(396, 'MB84', 'Seminal Fluid for culture only', 'NO', '970.00', 'Sterile swab in transport medium', 'MICROBIOLOGY', '', NULL),
(397, 'MB85', 'Skin Swab for culture and ABST', 'NO', '480.00', 'Sterile swab in transport medium', 'MICROBIOLOGY', '', NULL),
(398, 'MB86', 'Skin Sawb for culture only', 'NO', '970.00', 'Screw capped sterile container', 'MICROBIOLOGY', '', NULL),
(399, 'MB87', 'Sputum for culture (Except for M. tuberculosis) and ABST', 'NO', '480.00', 'Screw capped sterile container', 'MICROBIOLOGY', '', NULL),
(400, 'MB88', 'Sputum for culture (Except for M. tuberculosis) only', 'NO', '480.00', 'Slides wrapped in dray paper', 'MICROBIOLOGY', '', NULL),
(401, 'MB89', 'Smear for AFB', 'NO', '480.00', 'Screw capped sterile container', 'MICROBIOLOGY', '', NULL),
(402, 'MB90', 'Sputum for AFB', 'NO', '710.00', 'Clean wide mouth screw capped container with a spoon', 'MICROBIOLOGY', '', NULL),
(403, 'MB91', 'Stool (Faeces ) for culture only', 'NO', '1200.00', 'Clean wide mouth screw capped container with a spoon', 'MICROBIOLOGY', '', NULL),
(404, 'MB92', 'Stool (Faeces ) for culture and ABST', 'NO', '480.00', 'Sterile swab in transport medium', 'MICROBIOLOGY', '', NULL),
(405, 'MB93', 'Swab for culture only', 'NO', '970.00', 'Sterile swab in transport medium', 'MICROBIOLOGY', '', NULL),
(406, 'MB94', 'Swab for culture and ABST', 'NO', '480.00', 'Sterile container', 'MICROBIOLOGY', '', NULL),
(407, 'MB95', 'Synovial Fluid for culture only', 'NO', '970.00', 'Sterile container', 'MICROBIOLOGY', '', NULL),
(408, 'MB96', 'Synovial Fluid for culture and ABST', 'NO', '4480.00', 'Sterile container', 'MICROBIOLOGY', '', NULL),
(409, 'MB97', 'T.B Culture', 'NO', '480.00', 'Sterile swab in transport medium', 'MICROBIOLOGY', '', NULL),
(410, 'MB98', 'Throat Swab for culture only', 'NO', '970.00', 'Sterile swab in transport medium', 'MICROBIOLOGY', '', NULL),
(411, 'MB99', 'Throat Swab for culture and ABST', 'NO', '480.00', 'Sterile swab in transport medium', 'MICROBIOLOGY', '', NULL),
(412, 'MB100', 'Tongue Swab for culture only', 'NO', '480.00', 'Sterile swab in transport medium', 'MICROBIOLOGY', '', NULL),
(413, 'MB101', 'Tongue Swab for culture only', 'NO', '970.00', 'Sterile swab in transport medium', 'MICROBIOLOGY', '', NULL),
(414, 'MB102', 'Umbilical Swab for culture(US) and ABST', 'NO', '480.00', 'Sterile swab in transport medium', 'MICROBIOLOGY', '', NULL),
(415, 'MB103', 'Umbilical Swab for culture(US) only', 'NO', '480.00', '2 Slides wrapped in a clean dry paper', 'MICROBIOLOGY', '', NULL),
(416, 'MB104', 'Urethral Smear for GC', 'NO', '480.00', 'Sterile swab in transport medium', 'MICROBIOLOGY', '', NULL),
(417, 'MB105', 'Urethral Swab for culture and ABST', 'NO', '970.00', 'Sterile swab in transport medium', 'MICROBIOLOGY', '', NULL),
(418, 'MB106', 'Urethral Swab for culture only', 'NO', '440.00', 'Screw capped sterile container', 'MICROBIOLOGY', '', NULL),
(419, 'MB107', 'Urine for culture only', 'NO', '730.00', 'Screw capped sterile container', 'MICROBIOLOGY', '', NULL),
(420, 'MB108', 'Urine for culture and ABST', 'NO', '480.00', 'Screw capped sterile container', 'MICROBIOLOGY', '', NULL),
(421, 'MB109', 'Urine for AFB', 'NO', '480.00', 'Sterile swab in transport medium', 'MICROBIOLOGY', '', NULL),
(422, 'MB110', 'Vaginal Discharge for culture only', 'NO', '970.00', 'Sterile swab in transport medium', 'MICROBIOLOGY', '', NULL),
(423, 'MB111', 'Vaginal Discharge for culture and ABST', 'NO', '480.00', 'Sterile swab in transport medium', 'MICROBIOLOGY', '', NULL),
(424, 'MB112', 'Vaginal Swab for culture only', 'NO', '970.00', 'Sterile swab in transport medium', 'MICROBIOLOGY', '', NULL),
(425, 'MB113', 'Vaginal Swab for culture and ABST', 'NO', '570.00', 'Two slides + Sample swab in sterile saline container', 'MICROBIOLOGY', '', NULL),
(426, 'MB114', 'Vaginal Smear (VS) for Full report', 'NO', '480.00', 'Sterile swab in transport medium', 'MICROBIOLOGY', '', NULL),
(427, 'MB115', 'Wound Swab for culture (WS) only', 'NO', '970.00', 'Sterile swab in transport medium', 'MICROBIOLOGY', '', NULL),
(428, 'MB116', 'Wound Swab for culture (WS) and ABST', 'NO', '1170.00', 'Clean wide mouth screw capped container with a spoon', 'MICROBIOLOGY', '', NULL),
(429, 'IS1', 'Adeno Virus', 'NO', '12270.00', 'Red, Plain', 'IMMUNOLOGYSEROLOGY', '', NULL),
(430, 'IS2', 'Allergen Specific IgE Screen / Allergen Profile (Assay method ELISA)', 'NO', '2600.00', 'Red, Plain', 'IMMUNOLOGYSEROLOGY', '', NULL),
(431, 'IS3', 'Anti Cardiolipin Antibody IgG (Assay method ELISA)', 'NO', '2600.00', 'Red, Plain', 'IMMUNOLOGYSEROLOGY', '', NULL),
(432, 'IS4', 'Anti Cardiolipin Antibody IgM (Assay method ELISA)', 'NO', '3630.00', 'Red, Plain', 'IMMUNOLOGYSEROLOGY', '', NULL),
(433, 'IS5', 'Anti Cardiolipin Antibody IgM and IgG (Assay method ELISA)', 'NO', '1530.00', 'Red, Plain', 'IMMUNOLOGYSEROLOGY', '', NULL),
(434, 'IS6', 'Anti Double Stranded DNA (Anti dsDNA) (Assay method ELISA/IFA)', 'NO', '1760.00', 'Red, Plain', 'IMMUNOLOGYSEROLOGY', '', NULL),
(435, 'IS7', 'Anti Double Stranded DNA Titer (Assay method ELISA/IFA)', 'NO', '22570.00', '', 'IMMUNOLOGYSEROLOGY', '', NULL),
(436, 'IS8', 'Anti G.B.M Antibody', 'NO', '2650.00', 'Red, Plain', 'IMMUNOLOGYSEROLOGY', '', NULL),
(437, 'IS9', 'Anti Mitochondrial Antibody (Assay method IFA)', 'NO', '3500.00', 'Red, Plain', 'IMMUNOLOGYSEROLOGY', '', NULL),
(438, 'IS10', 'Anti Neutrophil Cytoplasmic Antibody (PR3 c-ANCA and MPO p ANCA ) (Assay method ELISA/IFA)', 'NO', '1220.00', 'Red, Plain', 'IMMUNOLOGYSEROLOGY', '', NULL),
(439, 'IS11', 'Anti Nuclear Antibody (ANA) / Anti Nuclear Factor (ANF) (Assay Method IFA)', 'YES', '2430.00', 'Red, Plain', 'IMMUNOLOGYSEROLOGY', '', NULL),
(440, 'IS12', 'Anti Nuclear Antibody, Aggutination', 'YES', '8330.00', 'Red, Plain', 'IMMUNOLOGYSEROLOGY', '<div>Test done by Latex Agglitination Method. (Semi Quantitative determination given in using dilution of Serum)</div>\r\n<p>&nbsp;</p>\r\n<p>&nbsp;</p>', NULL),
(441, 'IS13', 'Anti Phospholipid Antibody Screen (IgM anf IgG) (Assay method ELISA)', 'NO', '520.00', 'Red, Plain', 'IMMUNOLOGYSEROLOGY', '', NULL),
(442, 'IS14', 'Anti Streptolysin "O" " Titre (ASOT)"', 'YES', '3500.00', 'Red, Plain', 'IMMUNOLOGYSEROLOGY', '<div><strong>PEDIATRIC REFERENCE VALUES:</strong></div>\r\n<div>LESS THAN 150 IU/mL</div>\r\n<p>&nbsp;</p>', NULL),
(443, 'IS15', 'Anti Smooth Muscle Antibody (SMA) (Assay method IFA)', 'NO', '5440.00', 'Red, Plain', 'IMMUNOLOGYSEROLOGY', '', NULL),
(444, 'IS16', 'Aspergillius Specific IgE', 'NO', '530.00', 'Red, Plain', 'IMMUNOLOGYSEROLOGY', '', NULL),
(445, 'IS17', 'Brucella Antibody', 'NO', '5570.00', 'Red, Plain', 'IMMUNOLOGYSEROLOGY', '', NULL),
(446, 'IS18', 'CCP Antibody (Antibody to CCP to Cyclic Citrullinated Peptide)', 'NO', '1110.00', 'Red, Plain', 'IMMUNOLOGYSEROLOGY', '', NULL),
(447, 'IS19', 'Cat Dander Specific IgE', 'NO', '2070.00', 'Red, Plain', 'IMMUNOLOGYSEROLOGY', '', NULL),
(448, 'IS20', 'Centeromere Antibody', 'NO', '1820.00', 'Red, Plain', 'IMMUNOLOGYSEROLOGY', '', NULL),
(449, 'IS21', 'Chikungunya IgM', 'NO', '4460.00', 'Sterilised container', 'IMMUNOLOGYSEROLOGY', '', NULL),
(450, 'IS22', 'Chlamydia Antigen', 'NO', '1110.00', 'Red, Plain', 'IMMUNOLOGYSEROLOGY', '', NULL),
(451, 'IS23', 'Cockroach Specific IgE Antibody (Periplanata americana)', 'NO', '1300.00', 'Red, Plain', 'IMMUNOLOGYSEROLOGY', '', NULL),
(452, 'IS24', 'Cold Agglutination ', 'NO', '1110.00', 'Red, Plain', 'IMMUNOLOGYSEROLOGY', '', NULL),
(453, 'IS25', 'Cow,s Milk Specific IgE', 'NO', '2790.00', 'Red, Plain', 'IMMUNOLOGYSEROLOGY', '', NULL),
(454, 'IS26', 'Cytomegalo Virus Antibody (CMV IgG and IgM)', 'NO', '1510.00', 'Red, Plain', 'IMMUNOLOGYSEROLOGY', '', NULL),
(455, 'IS27', 'Cytomegalo Virus IgM Antibody (CMV IgM)', 'NO', '1510.00', 'Red, Plain', 'IMMUNOLOGYSEROLOGY', '', NULL),
(456, 'IS28', 'Cytomegalo Virus IgG (CMV IgG )', 'NO', '2810.00', 'Red, Plain', 'IMMUNOLOGYSEROLOGY', '', NULL),
(457, 'IS29', 'Dengue IgM and IgG Antibodies', 'YES', '1640.00', 'Red, Plain', 'IMMUNOLOGYSEROLOGY', '<div><strong>Comment:</strong><br /><br />Dengue IgG/IgM Antibody Test is a qualitative Immunochromatographic Test for detection of IgG and IgM Antibodies to Dengue virus in human whole blood, serum or plasma. This test is a screening test for Dengue viral infection and as an aid for differential diagnosis for primary and secondary infections in conjunction with other Clinical criteria.<br /><br />In primary infections IgM Antibodies can be detected in suspected Dengue Patients in 3-5 days after onset of fever and can persist for months.<br /><br />Secondary infection is marked by high IgG levels with or without elevated IgM levels and persist for life in varying titers.<br /><br /></div>', NULL),
(458, 'IS30', 'Dengue NS1 Antigen ', 'YES', '1110.00', 'Red, Plain', 'IMMUNOLOGYSEROLOGY', '<div>NS1 Antigen is found circulating in infected patients from the first day and upto 9 days after onset of fever.<br />A negative test result cannot exclude a recent infection.This is a qualitative test.<br />Samples from pregnant women or with Rheumatoid factor or anti nuclear antibodies can exceptionally give positive results</div>', NULL),
(459, 'IS31', 'Dog Hair Specific IgE', 'NO', '3260.00', 'Red, Plain', 'IMMUNOLOGYSEROLOGY', '', NULL),
(460, 'IS32', 'Epstein Barr Virus Antibody (EB Virus)', 'NO', '6970.00', 'Red, Plain', 'IMMUNOLOGYSEROLOGY', '', NULL),
(461, 'IS33', 'Erythropoitein - EPO', 'NO', '1800.00', 'Red, Plain', 'IMMUNOLOGYSEROLOGY', '', NULL),
(462, 'IS34', 'Filarial Antigen Test', 'NO', '410.00', 'Red, Plain', 'IMMUNOLOGYSEROLOGY', '', NULL),
(463, 'IS35', 'Filarial Antibody Test (FAT)/ (FFAT)', 'YES', '10230.00', 'Red, Plain', 'IMMUNOLOGYSEROLOGY', '', NULL),
(464, 'IS36', 'Full Allergy  Basic', 'NO', '11920.00', 'Red, Plain', 'IMMUNOLOGYSEROLOGY', '', NULL),
(465, 'IS37', 'Full Allergy Food', 'NO', '11920.00', 'Red, Plain', 'IMMUNOLOGYSEROLOGY', '', NULL),
(466, 'IS38', 'Full Allergy Inhalation', 'NO', '11920.00', 'Red, Plain', 'IMMUNOLOGYSEROLOGY', '', NULL),
(467, 'IS39', 'Full Allergy Respiratory', 'NO', '1110.00', 'Red, Plain', 'IMMUNOLOGYSEROLOGY', '', NULL),
(468, 'IS40', 'Grass Mixture Specific IgE (Bermuda Grass, Timothy Grass, June Grass, Johnson Grass, Bahia Grass)', 'NO', '3040.00', 'Red, Plain', 'IMMUNOLOGYSEROLOGY', '', NULL),
(469, 'IS41', 'HBsAg , Rapid Test', 'YES', '2250.00', 'Red, Plain', 'IMMUNOLOGYSEROLOGY', '<div>IMMUNOCHROMATOGRAPHIC METHOD</div>', NULL),
(470, 'IS42', 'Helicobacter pyloric IgG Antibody', 'NO', '10890.00', 'Red, Plain', 'IMMUNOLOGYSEROLOGY', '', NULL),
(471, 'IS43', 'Hepatitis D Antibody ', 'NO', '5230.00', 'Red, Plain', 'IMMUNOLOGYSEROLOGY', '', NULL),
(472, 'IS44', 'Hepatitis E Antibody', 'NO', '3410.00', 'Red, Plain', 'IMMUNOLOGYSEROLOGY', '', NULL),
(473, 'IS45', 'Hepatitis A IgM and IgG Antibodies', 'NO', '1670.00', 'Red, Plain', 'IMMUNOLOGYSEROLOGY', '', NULL),
(474, 'IS46', 'Hepatitis A IgG Antibody', 'NO', '1670.00', 'Red, Plain', 'IMMUNOLOGYSEROLOGY', '', NULL),
(475, 'IS47', 'Hepatitis A IgM Antibody', 'NO', '1700.00', 'Red, Plain', 'IMMUNOLOGYSEROLOGY', '', NULL),
(476, 'IS48', 'Hepatitis B Core IgM', 'NO', '1700.00', 'Red, Plain', 'IMMUNOLOGYSEROLOGY', '', NULL),
(477, 'IS49', 'Hepatitis B Core /Total Antibody', 'NO', '1670.00', 'Red, Plain', 'IMMUNOLOGYSEROLOGY', '', NULL),
(478, 'IS50', 'Hepatitis Be Antibody', 'NO', '1550.00', 'Red, Plain', 'IMMUNOLOGYSEROLOGY', '', NULL),
(479, 'IS51', 'Hepatitis Be Antigen', 'NO', '790.00', 'Red, Plain', 'IMMUNOLOGYSEROLOGY', '', NULL),
(480, 'IS52', 'Hepatitis B Surface Antigen (HBsAg)', 'NO', '7240.00', 'Red, Plain', 'IMMUNOLOGYSEROLOGY', '', NULL),
(481, 'IS53', 'Hepatitis B Screen', 'NO', '3950.00', 'Red, Plain', 'IMMUNOLOGYSEROLOGY', '', NULL),
(482, 'IS54', 'Hepatitis B Surface Antibody (Anti HBsAb)', 'NO', '2300.00', 'Red, Plain', 'IMMUNOLOGYSEROLOGY', '', NULL),
(483, 'IS55', 'Hepatits C Antibody', 'NO', '7740.00', 'Red, Plain', 'IMMUNOLOGYSEROLOGY', '<div><strong>REFERENCE RANGE</strong></div>\r\n<div>NEGATIVE -LESS THAN 1.0 S/CO &nbsp; &nbsp; &nbsp; &nbsp; &nbsp; &nbsp; &nbsp; <em>S/CO - SAMPLE RLU/CUTOFF RLU</em></div>\r\n<div>POSITIVE -MORE THAN 1.0 S/CO &nbsp; &nbsp; &nbsp; <em>RLU - RELATIVE LIGHT UNITS</em></div>\r\n<div>&nbsp;</div>', NULL),
(484, 'IS56', 'Hepatitis Profile (A,B,C)', 'NO', '1300.00', 'Red, Plain', 'IMMUNOLOGYSEROLOGY', '', NULL),
(485, 'IS57', 'Herpes Simplex Virus 1 IgG Antibody', 'NO', '1300.00', 'Red, Plain', 'IMMUNOLOGYSEROLOGY', '', NULL),
(486, 'IS58', 'Herpes Simplex Virus 1 IgM Antibody', 'NO', '1300.00', 'Red, Plain', 'IMMUNOLOGYSEROLOGY', '', NULL),
(487, 'IS59', 'Herpes Simplex Virus 2 IgG Antibody', 'NO', '1300.00', 'Red, Plain', 'IMMUNOLOGYSEROLOGY', '', NULL),
(488, 'IS60', 'Herpes Simplex Virus 2 IgM Antibody', 'NO', '2610.00', 'Red, Plain', 'IMMUNOLOGYSEROLOGY', '', NULL),
(489, 'IS61', 'Herpes Simplex Virus 1 (IgG) and 2 (IgM) Antibody', 'NO', '5220.00', 'Red, Plain', 'IMMUNOLOGYSEROLOGY', '', NULL),
(490, 'IS62', 'Herpes Simplex Virus 1 and 2 IgG and IgM Antibody', 'NO', '2610.00', 'Red, Plain', 'IMMUNOLOGYSEROLOGY', '', NULL),
(491, 'IS63', 'Herpes Simplex Virus 2 (IgM) and (IgG) Antibodies', 'NO', '2610.00', 'Red, Plain', 'IMMUNOLOGYSEROLOGY', '', NULL),
(492, 'IS64', 'Herpes Simplex Virus 1 (IgM) and (IgG) Antibodies', 'NO', '1580.00', 'Red, Plain', 'IMMUNOLOGYSEROLOGY', '', NULL),
(493, 'IS65', 'H.I.V (Human Immunodeficiency Virus) 1 and 2 Antibody', 'NO', '4820.00', 'Red, Plain', 'IMMUNOLOGYSEROLOGY', '', NULL),
(494, 'IS66', 'H.I.V (Human Immunodeficiency Virus) Antigen and Antibody', 'NO', '2270.00', 'Red, Plain', 'IMMUNOLOGYSEROLOGY', '', NULL),
(495, 'IS67', 'HIV + HBsAg', 'NO', '4860.00', 'Red, Plain', 'IMMUNOLOGYSEROLOGY', '', NULL),
(496, 'IS68', 'HIV + HBsAg + HCV +VDRL', 'NO', '3880.00', 'Red, Plain', 'IMMUNOLOGYSEROLOGY', '', NULL),
(497, 'IS69', 'HIV + HCV', 'NO', '1830.00', 'Red, Plain', 'IMMUNOLOGYSEROLOGY', '', NULL),
(498, 'IS70', 'HIV + VDRL', 'NO', '1110.00', 'Red, Plain', 'IMMUNOLOGYSEROLOGY', '', NULL),
(499, 'IS71', 'House Dust Mite Specific IgE (D.pteronyssinus, Cladosporium, Herbarum, Cat, Dog, D.farinae, A.fumigatus)', 'NO', '1760.00', '', 'IMMUNOLOGYSEROLOGY', '', NULL),
(500, 'IS72', 'Infuanzae A and B', 'NO', '1760.00', 'Sterile plain swab Clean dry container ', 'IMMUNOLOGYSEROLOGY', '', NULL),
(501, 'IS73', 'Infuanzae Ag A / B / A(H1N1) Pandemic', 'NO', '2160.00', 'Red, Plain', 'IMMUNOLOGYSEROLOGY', '', NULL),
(502, 'IS74', 'JO 1 Antibody (Assay Method ELISA)', 'NO', '2160.00', 'Red, Plain', 'IMMUNOLOGYSEROLOGY', '', NULL),
(503, 'IS75', 'La (SS B) Antibody (Assay Method ELISA)', 'NO', '4680.00', 'Red, Plain', 'IMMUNOLOGYSEROLOGY', '', NULL),
(504, 'IS76', 'Leptospira Antibody Serum', 'NO', '14970.00', 'Sterilised container', 'IMMUNOLOGYSEROLOGY', '', NULL),
(505, 'IS77', 'Legionella Urine', 'NO', '5750.00', 'Red, Plain', 'IMMUNOLOGYSEROLOGY', '', NULL),
(506, 'IS78', 'Liver Kidney Microsomal Antibody LKM', 'NO', '1270.00', 'Red, Plain', 'IMMUNOLOGYSEROLOGY', '', NULL),
(507, 'IS79', 'Malarial Antibody', 'NO', '1360.00', 'Red, Plain', 'IMMUNOLOGYSEROLOGY', '', NULL),
(508, 'IS80', 'Malarial Antigen (P. falciparum)', 'NO', '1360.00', 'Red, Plain', 'IMMUNOLOGYSEROLOGY', '', NULL),
(509, 'IS81', 'Malarail Antigen (P. vivax)', 'NO', '1360.00', 'Red, Plain', 'IMMUNOLOGYSEROLOGY', '', NULL),
(510, 'IS82', 'Malarial Antigen (P. falciparum and vivax)', 'NO', '4660.00', 'Red, Plain', 'IMMUNOLOGYSEROLOGY', '', NULL),
(511, 'IS83', 'Measles Virus IgM or IgG', 'NO', '640.00', 'Red, Plain', 'IMMUNOLOGYSEROLOGY', '', NULL),
(512, 'IS84', 'Monospot /infectious Mononucleosis', 'NO', '1110.00', 'Red, Plain', 'IMMUNOLOGYSEROLOGY', '', NULL),
(513, 'IS85', 'Mould Mix IgE (Penicillium notatum, Cladosporium herbarum, Aspergillus fumigates, Alternaria tenius)', 'NO', '1730.00', 'Red, Plain', 'IMMUNOLOGYSEROLOGY', '', NULL),
(514, 'IS86', 'Mumps IgG or IgM', 'NO', '1760.00', 'Red, Plain', 'IMMUNOLOGYSEROLOGY', '', NULL),
(515, 'IS87', 'Mycoplasma Antibody', 'NO', '19300.00', 'Red, Plain', 'IMMUNOLOGYSEROLOGY', '', NULL),
(516, 'IS88', 'Neuronal Antibody', 'NO', '16330.00', 'Red, Plain', 'IMMUNOLOGYSEROLOGY', '', NULL),
(517, 'IS89', 'N.M.D.A.Ab/Ag', 'NO', '1110.00', 'Red, Plain', 'IMMUNOLOGYSEROLOGY', '', NULL),
(518, 'IS90', 'Nut Mixture IgE (Peanut, Walnut, Hazelnut, Almond)', 'NO', '12870.00', 'Red, Plain', 'IMMUNOLOGYSEROLOGY', '', NULL),
(519, 'IS91', 'Parvovirus B19 Ab IgG', 'NO', '7430.00', 'Red, Plain', 'IMMUNOLOGYSEROLOGY', '', NULL),
(520, 'IS92', 'Parvovirus IgM Antibody', 'NO', '3550.00', 'Red, Plain', 'IMMUNOLOGYSEROLOGY', '', NULL),
(521, 'IS93', 'Phenytoin Level', 'NO', '410.00', 'Red, Plain', 'IMMUNOLOGYSEROLOGY', '', NULL),
(522, 'IS94', 'Rheumatoid Factor, Serum ', 'YES', '2270.00', 'Red, Plain', 'IMMUNOLOGYSEROLOGY', '', NULL),
(523, 'IS95', 'RNP Antibody', 'NO', '2270.00', 'Red, Plain', 'IMMUNOLOGYSEROLOGY', '', NULL),
(524, 'IS96', 'Ro (SS-A) Antibody', 'NO', '1140.00', 'Clean wide mouth screw capped container with a spoon', 'IMMUNOLOGYSEROLOGY', '', NULL),
(525, 'IS97', 'Rota Virus', 'NO', '1700.00', 'Red, Plain', 'IMMUNOLOGYSEROLOGY', '', NULL),
(526, 'IS98', 'Rubella IgG Antibody', 'NO', '1700.00', 'Red, Plain', 'IMMUNOLOGYSEROLOGY', '', NULL),
(527, 'IS99', 'Rubella IgM Antibody', 'NO', '3400.00', 'Red, Plain', 'IMMUNOLOGYSEROLOGY', '', NULL),
(528, 'IS100', 'Rubella Antibody(IgM  and IgG)', 'NO', '2250.00', 'Red, Plain', 'IMMUNOLOGYSEROLOGY', '', NULL),
(529, 'IS101', 'Scl - 70 Antibody', 'NO', '2160.00', 'Red, Plain', 'IMMUNOLOGYSEROLOGY', '', NULL),
(530, 'IS102', 'Sm (Smith) Antibody', 'NO', '1110.00', 'Red, Plain', 'IMMUNOLOGYSEROLOGY', '', NULL),
(531, 'IS103', 'Shrimp Specific IgE', 'NO', '1110.00', 'Red, Plain', 'IMMUNOLOGYSEROLOGY', '', NULL),
(532, 'IS104', 'Soya Bean Specific IgE', 'NO', '13030.00', 'Red, Plain', 'IMMUNOLOGYSEROLOGY', '', NULL),
(533, 'IS105', 'T.B Quantiferon', 'NO', '5660.00', 'Red, Plain', 'IMMUNOLOGYSEROLOGY', '', NULL),
(534, 'IS106', 'Thyroid Antibody', 'NO', '2950.00', 'Red, Plain', 'IMMUNOLOGYSEROLOGY', '', NULL),
(535, 'IS107', 'Thyroid Peroxidase (Microsomal) Antibody', 'NO', '2690.00', 'Red, Plain', 'IMMUNOLOGYSEROLOGY', '', NULL),
(536, 'IS108', 'Thyroid Thyroglobulin Antibody', 'NO', '1050.00', 'Red, Plain', 'IMMUNOLOGYSEROLOGY', '', NULL),
(537, 'IS109', 'TPPA (Treponema Pallidum Particle Agglutination Test)', 'NO', '6740.00', 'Red, Plain', 'IMMUNOLOGYSEROLOGY', '', NULL),
(538, 'IS110', 'TORCH Screen', 'NO', '3860.00', 'Red, Plain', 'IMMUNOLOGYSEROLOGY', '', NULL),
(539, 'IS111', 'Toxocara Antibody', 'NO', '3130.00', 'Red, Plain', 'IMMUNOLOGYSEROLOGY', '', NULL),
(540, 'IS112', 'Toxoplasma Antibody IgG and IgM', 'NO', '1490.00', 'Red, Plain', 'IMMUNOLOGYSEROLOGY', '', NULL),
(541, 'IS113', 'Toxoplasma Antibody IgG', 'NO', '1600.00', 'Red, Plain', 'IMMUNOLOGYSEROLOGY', '', NULL),
(542, 'IS114', 'Toxoplasma Antibody IgM', 'NO', '6960.00', 'Red, Plain', 'IMMUNOLOGYSEROLOGY', '', NULL),
(543, 'IS115', 'TRAb - TSH receptor antibody', 'NO', '370.00', 'Red, Plain', 'IMMUNOLOGYSEROLOGY', '', NULL),
(544, 'IS116', 'Veneral Disease Reference Lab (VDRL)', 'NO', '5530.00', 'Red, Plain', 'IMMUNOLOGYSEROLOGY', '<div>Biological Reference Interval: Non-Reactive</div>\r\n<div>Comments</div>\r\n<div>VDRL is a non TREPONEMAL antibody test. It is used as a Screening test.&nbsp;</div>', NULL),
(545, 'IS117', 'Vericella Zoster IgG or IgM', 'NO', '580.00', 'Red, Plain', 'IMMUNOLOGYSEROLOGY', '', NULL),
(546, 'IS118', 'Weil Flelix Agglutinins (Rickettinisal Disease Agglutinins)', 'NO', '1110.00', 'Red, Plain', 'IMMUNOLOGYSEROLOGY', '', NULL),
(547, 'IS119', 'Whole Egg Specific IgE', 'NO', '2110.00', 'Red, Plain', 'IMMUNOLOGYSEROLOGY', '', NULL),
(548, 'IS120', 'WIDAL Test (SAT) Tube Method', 'NO', '440.00', 'Plasitic container with 10% Formalin', 'IMMUNOLOGYSEROLOGY', '<p>WIDAL (SAT) Test results need to be interpreted carefully in the light of past history of enteric fever, typhoid vaccination, and the general level of antibodies in the populations in endemic areas of the world.<br /><br />The Widal test is positive if TO antigen titer is more than 1:160 in an active infection, or if TH antigen titer is more than 1:160 in past infection or in immunized persons. A single Widal test is of little<br />clinical relevance due to the number of cross reacting infections, including malaria. If no other tests (either bacteriologic culture or more specific serology) are available, a fourfold increase in the titer (e.g., from 1:40 to 1:160) in the course of the infection, or a conversion from an IgM reaction to an IgG reaction of at least the same titer, would be consistent with a typhoid infection.<br /><br /><br /><br /><br /><br /><br /><br /><br /><br /><br /></p>', NULL),
(549, 'HP1', 'A.F.B stain for tissue', 'NO', '1100.00', 'Paraffin block or Slides wrapped in tissue paper.', 'HISTOPATHALOGY', '', NULL),
(550, 'HP2', 'Alcian blue stain', 'NO', '1460.00', 'Clean bottel or syringer', 'HISTOPATHALOGY', '', NULL),
(551, 'HP3', 'Ascitic Fluid For Cytology', 'NO', '1510.00', 'Bronchial wash-In a clean Screw capped container', 'HISTOPATHALOGY', '', NULL),
(552, 'HP4', 'Bronchail Brush For Cytology', 'NO', '2670.00', 'B.brush slides place in a small bottel with 100% Alcohol or Fixed dry slides wrapped in tissue paper', 'HISTOPATHALOGY', '', NULL),
(553, 'HP5', 'Bronchial Wash and Brush For Cytology', 'NO', '2670.00', 'In a clean screw capped caontainer', 'HISTOPATHALOGY', '', NULL),
(554, 'HP6', 'Bronchial Wash  For Cytology', 'NO', '1670.00', 'Air dried or 95% Alcohol fixed slides', 'HISTOPATHALOGY', '', NULL),
(555, 'HP7', 'Buccal Smear', 'NO', '1340.00', 'Air dried or 95% Alcohol fixed slides', 'HISTOPATHALOGY', '', NULL),
(556, 'HP8', 'Buccal Smear Hospital Fees Only', 'NO', '1030.00', 'Clean Screw capped container', 'HISTOPATHALOGY', '', NULL),
(557, 'HP9', 'C.S.F for Cytology', 'NO', '1670.00', 'Slides place in a small plastic container with 100% Alcohol or slides wrapped in tissue paper', 'HISTOPATHALOGY', '', NULL),
(558, 'HP10', 'Cervical Smear (also refer 73 74)', 'NO', '1670.00', 'Paraffin block or Slides wrapped in tissue paper.', 'HISTOPATHALOGY', '', NULL),
(559, 'HP11', 'Congored stain', 'NO', '1100.00', 'Paraffin block or Slides wrapped in tissue paper.', 'HISTOPATHALOGY', '', NULL),
(560, 'HP12', 'Congored stain for Amyloid', 'NO', '1100.00', 'paraffin block containing the tumour paper.', 'HISTOPATHALOGY', '', NULL),
(561, 'HP13', 'E.R (Oestogen receptor) Immuno Histopathalogy', 'NO', '5200.00', 'Paraffin blocks or slides wrapped in tissue paper', 'HISTOPATHALOGY', '', NULL),
(562, 'HP14', 'Elastin Stain', 'NO', '1100.00', 'Paraffin blocks containing the tumour', 'HISTOPATHALOGY', '', NULL),
(563, 'HP15', 'ER,PR Immuno Histopathology', 'NO', '11470.00', 'Paraffin blocks containing the tumour', 'HISTOPATHALOGY', '', NULL),
(564, 'HP16', 'ER, PR HER 2 NEU - Immuno Histopathology', 'NO', '17750.00', '100% or 95% alcohol ', 'HISTOPATHALOGY', '', NULL),
(565, 'HP17', 'F.N.A.B ', 'NO', '2900.00', '100% or 95% alcohol ', 'HISTOPATHALOGY', '', NULL),
(566, 'HP18', 'F.N.A.B Both Sides / Two spots', 'NO', '5800.00', '100% or 95% alcohol ', 'HISTOPATHALOGY', '', NULL),
(567, 'HP19', 'F.N.A.B Hospital Fees Only', 'NO', '1050.00', 'Slides place in a small plastic container with 100% Alcohol or slides wrapped in tissue paper', 'HISTOPATHALOGY', '', NULL),
(568, 'HP20', 'F.N.A.B Slide Sent', 'NO', '1580.00', '100% or 95% alcohol ', 'HISTOPATHALOGY', '', NULL),
(569, 'HP21', 'F.N.A.B 2 Samples', 'NO', '5800.00', 'Paraffin blocks or slides wrapped in tissue paper', 'HISTOPATHALOGY', '', NULL),
(570, 'HP22', 'Gimeza Stain', 'NO', '1100.00', '10% Formalin Container', 'HISTOPATHALOGY', '', NULL),
(571, 'HP23', 'Haemosiderin (Iron stain) for tissue', 'NO', '1470.00', 'Paraffin block containing the tumor tissue', 'HISTOPATHALOGY', '', NULL),
(572, 'HP24', 'HER 2 NEU Immuno Histopathology', 'NO', '6280.00', '10% Formalin Container', 'HISTOPATHALOGY', '', NULL),
(573, 'HP25', 'Histo Endoscopy - 1 sample', 'NO', '2790.00', '10% Formalin Container', 'HISTOPATHALOGY', '', NULL),
(574, 'HP26', 'Histo Endoscopy - 2 samples', 'NO', '3690.00', '10% Formalin Container', 'HISTOPATHALOGY', '', NULL),
(575, 'HP27', 'Histo Endoscopy - 2 - 3 samples', 'NO', '5140.00', '10% Formalin Container', 'HISTOPATHALOGY', '', NULL),
(576, 'HP28', 'Histo Endoscopy -5 - 7 samples', 'NO', '5920.00', '10% Formalin Container', 'HISTOPATHALOGY', '', NULL),
(577, 'HP29', 'Histo Endoscopy - 8 - 9 samples', 'NO', '7870.00', '10% Formalin Container', 'HISTOPATHALOGY', '', NULL),
(578, 'HP30', 'Histo Endoscopy - 10 samples', 'NO', '9810.00', '10% Formalin Container', 'HISTOPATHALOGY', '', NULL),
(579, 'HP31', 'Histo Endoscopy - Hospital Fees Only', 'NO', '580.00', '10% Formalin Container', 'HISTOPATHALOGY', '', NULL),
(580, 'HP32', 'Histology 1 sample', 'NO', '2900.00', '10% Formalin Container', 'HISTOPATHALOGY', '', NULL),
(581, 'HP33', 'Histology 2 samples', 'NO', '3560.00', '10% Formalin Container', 'HISTOPATHALOGY', '', NULL),
(582, 'HP34', 'Histology 3 samples', 'NO', '5140.00', '10% Formalin Container', 'HISTOPATHALOGY', '', NULL),
(583, 'HP35', 'Histology 4 samples', 'NO', '6590.00', '10% Formalin Container', 'HISTOPATHALOGY', '', NULL),
(584, 'HP36', 'Histology 5 samples', 'NO', '8040.00', '10% Formalin Container', 'HISTOPATHALOGY', '', NULL),
(585, 'HP37', 'Histology 6 samples', 'NO', '9430.00', '10% Formalin Container', 'HISTOPATHALOGY', '', NULL),
(586, 'HP38', 'Histology 7 samples', 'NO', '10880.00', '10% Formalin Container', 'HISTOPATHALOGY', '', NULL),
(587, 'HP39', 'Histology 8 samples', 'NO', '10850.00', '10% Formalin Container', 'HISTOPATHALOGY', '', NULL),
(588, 'HP40', 'Hisology medium 1 sample', 'NO', '4570.00', '10% Formalin Container', 'HISTOPATHALOGY', '', NULL),
(589, 'HP41', 'Histogy medium 2 samples', 'NO', '8530.00', '10% Formalin Container', 'HISTOPATHALOGY', '', NULL),
(590, 'HP42', 'Histology large 1 samples', 'NO', '6850.00', '10% Formalin Container', 'HISTOPATHALOGY', '', NULL),
(591, 'HP43', 'Histology large 2 samples', 'NO', '12440.00', '10% Formalin Container', 'HISTOPATHALOGY', '', NULL),
(592, 'HP44', 'Histology very large 1 samples', 'NO', '9130.00', '10% Formalin Container', 'HISTOPATHALOGY', '', NULL),
(593, 'HP45', 'Histology very large 2 samples', 'NO', '17260.00', '10% Formalin Container', 'HISTOPATHALOGY', '', NULL),
(594, 'HP46', 'Histopathology sample hospital fees only', 'NO', '580.00', 'Paraffin blocks or slides wrapped in tissue paper', 'HISTOPATHALOGY', '', NULL),
(595, 'HP47', 'Histology slides sent', 'NO', '2170.00', 'Plastic container with 10% formalin', 'HISTOPATHALOGY', '', NULL),
(596, 'HP48', 'Histology secound opinion', 'NO', '1530.00', 'Plastic container with 10% formalin', 'HISTOPATHALOGY', '', NULL),
(597, 'HP49', 'Histopathology 1 cassette', 'NO', '990.00', 'Plastic container with 10% formalin', 'HISTOPATHALOGY', '', NULL),
(598, 'HP50', 'Histopathology 2 -4  cassettes', 'NO', '1380.00', 'Plastic container with 10% formalin', 'HISTOPATHALOGY', '', NULL),
(599, 'HP51', 'Histopathology 5 - 6  cassettes', 'NO', '1580.00', 'Plastic container with 10% formalin', 'HISTOPATHALOGY', '', NULL),
(600, 'HP52', 'Histopathology 7 -9  cassettes', 'NO', '2410.00', 'Plastic container with 10% formalin', 'HISTOPATHALOGY', '', NULL),
(601, 'HP53', 'Histopathology 10 -15  cassettes', 'NO', '2930.00', 'Small bottel with 10% Formalin', 'HISTOPATHALOGY', '', NULL),
(602, 'HP54', 'Histopathology 16 -20  cassettes', 'NO', '3290.00', 'Small bottel with 10% Formalin', 'HISTOPATHALOGY', '', NULL),
(603, 'HP55', 'Histopathology 1 core Biospy', 'NO', '2790.00', 'Small bottel with 10% Formalin', 'HISTOPATHALOGY', '', NULL),
(604, 'HP56', 'Histopathology  core Biospy 2 samples', 'NO', '3960.00', 'Small bottel with 10% Formalin', 'HISTOPATHALOGY', '', NULL),
(605, 'HP57', 'Histopathology  core Biospy 3-4 samples', 'NO', '5140.00', 'Small bottel with 10% Formalin', 'HISTOPATHALOGY', '', NULL),
(606, 'HP58', 'Histopathology  core Biospy 5-6 samples', 'NO', '5480.00', 'Envelop or box', 'HISTOPATHALOGY', '', NULL),
(607, 'HP59', 'Histopathology  core Biospy 7-10 samples', 'NO', '5920.00', 'Envelop or box', 'HISTOPATHALOGY', '', NULL),
(608, 'HP60', 'Histopathalogy 1 wax block', 'NO', '660.00', 'Envelop or box', 'HISTOPATHALOGY', '', NULL),
(609, 'HP61', 'Histopathalogy 2 - 3 wax block', 'NO', '790.00', 'Envelop or box', 'HISTOPATHALOGY', '', NULL),
(610, 'HP62', 'Histopathalogy  4 - 5 wax block', 'NO', '990.00', 'Envelop or box', 'HISTOPATHALOGY', '', NULL),
(611, 'HP63', 'Histopathalogy 6 - 10 wax block', 'NO', '1320.00', 'Envelop or box', 'HISTOPATHALOGY', '', NULL),
(612, 'HP64', 'Histopathalogy 11 - 15 wax block', 'NO', '1640.00', 'Fresh tissue in normal saline in a plastic container', 'HISTOPATHALOGY', '', NULL),
(613, 'HP65', 'Histopathalogy 16 - 20 wax block', 'NO', '1970.00', 'Small bottel or syringe', 'HISTOPATHALOGY', '', NULL),
(614, 'HP66', 'Histopathalogy Frozen Section', 'NO', '7430.00', 'Paraffin block or Slides wrapped in tissue paper.', 'HISTOPATHALOGY', '', NULL),
(615, 'HP67', 'Knee joint fluid for Cytology', 'NO', '1670.00', 'Paraffin block or Slides wrapped in tissue paper.', 'HISTOPATHALOGY', '', NULL),
(616, 'HP68', 'Leprosy Stain (Zeal Neilson)', 'NO', '1000.00', 'Slides place in a small plastic container with 100% Alcohol or slides wrapped in tissue paper', 'HISTOPATHALOGY', '', NULL),
(617, 'HP69', 'Masson\'s Trichrome Stain', 'NO', '1000.00', 'Air dried or 95% Alcohol fixed slides or slides in 100% Alcohol', 'HISTOPATHALOGY', '', NULL),
(618, 'HP70', 'Nipple Discharge for Cytology', 'NO', '1670.00', 'Air dried or 95% Alcohol fixed slides', 'HISTOPATHALOGY', '', NULL),
(619, 'HP71', 'PAP Smear', 'NO', '1670.00', 'Paraffin block or Slides wrapped in tissue paper.', 'HISTOPATHALOGY', '', NULL),
(620, 'HP72', 'PAP Stain for Cytology', 'NO', '1670.00', 'Paraffin block or Slides wrapped in tissue paper.', 'HISTOPATHALOGY', '', NULL),
(621, 'HP73', 'PAS Stain', 'NO', '1100.00', 'Plastic container with or syringer', 'HISTOPATHALOGY', '', NULL),
(622, 'HP74', 'PASD Stain', 'NO', '1100.00', 'Plastic container with or syringer', 'HISTOPATHALOGY', '', NULL),
(623, 'HP75', 'Pericardial Fluid for Cytology', 'NO', '1670.00', 'Plastic container with or syringer', 'HISTOPATHALOGY', '', NULL),
(624, 'HP76', 'Peritoneal Fluid for Cytology', 'NO', '1670.00', 'Paraffin block contains with the tumour', 'HISTOPATHALOGY', '', NULL),
(625, 'HP77', 'Pleural Fluid for Cytology', 'NO', '1670.00', 'Paraffin block or Slides wrapped in tissue paper.', 'HISTOPATHALOGY', '', NULL),
(626, 'HP78', 'PR (Progesteron Receptor)', 'NO', '6280.00', 'Slides place in a small plastic container with 100% Alcohol or slides wrapped in tissue paper', 'HISTOPATHALOGY', '', NULL),
(627, 'HP79', 'Reticuline Stain', 'NO', '1000.00', 'Clean bottel or syringer', 'HISTOPATHALOGY', '', NULL),
(628, 'HP80', 'Smear for Cytology', 'NO', '1510.00', 'Plastic container or syringer', 'HISTOPATHALOGY', '', NULL),
(629, 'HP81', 'Specimen for Cytology', 'NO', '1670.00', 'Plastic syringer', 'HISTOPATHALOGY', '', NULL),
(630, 'HP82', 'Specimen for malignant cells', 'NO', '1670.00', 'Screw capped bottel', 'HISTOPATHALOGY', '', NULL),
(631, 'HP83', 'Sputum for Cytology', 'NO', '1670.00', 'Small bottel with Boins reagent', 'HISTOPATHALOGY', '', NULL),
(632, 'HP84', 'Sputum for malignant cells ', 'NO', '1670.00', 'Urine container supplied', 'HISTOPATHALOGY', '', NULL),
(633, 'HP85', 'Trephine Biopsy', 'NO', '7580.00', 'Urine container supplied', 'HISTOPATHALOGY', '', NULL),
(634, 'HP86', 'Urine for Cytology', 'NO', '1670.00', 'Urine container supplied', 'HISTOPATHALOGY', '', NULL),
(635, 'HP87', 'Urine for Heamosiderin', 'NO', '1470.00', 'Parraffin blocks or slides wrapped in tissue paper', 'HISTOPATHALOGY', '', NULL),
(636, 'HP88', 'Urine for malignant cells', 'NO', '1670.00', '', 'HISTOPATHALOGY', '', NULL),
(637, 'HP89', 'Van Gieson\'s stain', 'NO', '1000.00', '', 'HISTOPATHALOGY', '', NULL),
(638, 'HP90', 'AML 1 ETO;(8:21) PCR', 'NO', '6030.00', 'Green, EDTA', 'HISTOPATHALOGY', '', NULL),
(639, 'MCB1', 'BCR ABL p190 ,BCR ABL p120 Philadelphia Chromosome; t(9:22) PCR - Blood', 'NO', '5590.00', 'Green, EDTA', 'MOLECULARBIOLOGY', '', NULL),
(640, 'MCB2', 'BCR ABL p190 ,BCR ABL p120 Philadelphia Chromosome; t(9:22) PCR - Bone marrow', 'NO', '5590.00', 'Green, EDTA', 'MOLECULARBIOLOGY', '', NULL),
(641, 'MCB3', 'BCR ABL Quantitative RT PCR (Minimum residual disease - MRD)', 'NO', '19170.00', 'Green, EDTA', 'MOLECULARBIOLOGY', '', NULL),
(642, 'MCB4', 'Chikungunya viral RNA RT PCR', 'NO', '7890.00', 'Green, EDTA', 'MOLECULARBIOLOGY', '', NULL),
(643, 'MCB5', 'Cytomegalovitus (CMV) PCR', 'NO', '7120.00', 'Green, EDTA', 'MOLECULARBIOLOGY', '', NULL),
(644, 'MCB6', 'Cytomegalovitus (CMV) Quantitative PCR / Viral load', 'NO', '7670.00', 'Green, EDTA', 'MOLECULARBIOLOGY', '', NULL),
(645, 'MCB7', 'Dengue viral RT PCR', 'NO', '7120.00', 'Green, EDTA', 'MOLECULARBIOLOGY', '', NULL),
(646, 'MCB8', 'Dengue viral RT PCR and Serotyping', 'NO', '9110.00', 'Green, EDTA', 'MOLECULARBIOLOGY', '', NULL),
(647, 'MCB9', 'Genomic DNA extraction from blood ', 'NO', '4270.00', 'Green, EDTA', 'MOLECULARBIOLOGY', '', NULL),
(648, 'MCB10', 'Hepatitis B virus (HBV) DNA PCR', 'NO', '6800.00', 'Green, EDTA', 'MOLECULARBIOLOGY', '', NULL),
(649, 'MCB11', 'Hepatitis B virus (HBV) Quantitative PCR / Viral load', 'NO', '9690.00', 'Green, EDTA', 'MOLECULARBIOLOGY', '', NULL),
(650, 'MCB12', 'Hepatitis B virus (HBV) PCR and Genotyping', 'NO', '8220.00', 'Green, EDTA', 'MOLECULARBIOLOGY', '', NULL),
(651, 'MCB13', 'Hepatitis C virus (HBV) RNA RTP-CR', 'NO', '7230.00', 'Green, EDTA', 'MOLECULARBIOLOGY', '', NULL),
(652, 'MCB14', 'Hepatitis C virus (HBV) Quantitative PCR / Viral load', 'NO', '8220.00', 'Green, EDTA', 'MOLECULARBIOLOGY', '', NULL),
(653, 'MCB15', 'Hepatitis C virus (HBV) RNA RTP-CR and Genotyping', 'NO', '9180.00', 'Green, EDTA', 'MOLECULARBIOLOGY', '', NULL),
(654, 'MCB16', 'HIV 1 & 2 Antibody, Rapid Test', 'YES', '9100.00', 'Green, EDTA', 'MOLECULARBIOLOGY', '<div>RAPID IMMUNOCHROMATOGRAPHIC METHOD</div>', NULL),
(655, 'MCB17', 'HIV type 1 DNA PCR', 'NO', '8220.00', 'Green, EDTA', 'MOLECULARBIOLOGY', '', NULL),
(656, 'MCB18', 'HIV type I Quantitative PCR / Viral load', 'NO', '14930.00', 'Green, EDTA', 'MOLECULARBIOLOGY', '', NULL),
(657, 'MCB19', 'HLAB 27', 'NO', '7590.00', 'Green, EDTA', 'MOLECULARBIOLOGY', '', NULL),
(658, 'MCB20', 'HSV 1 PCR Blood', 'NO', '7590.00', 'Green, EDTA', 'MOLECULARBIOLOGY', '', NULL),
(659, 'MCB21', 'HSV 1 PCR CSF', 'NO', '7780.00', 'Sterile container', 'MOLECULARBIOLOGY', '', NULL),
(660, 'MCB22', 'HSV 11 PCR Blood', 'NO', '7780.00', 'Green, EDTA', 'MOLECULARBIOLOGY', '', NULL),
(661, 'MCB23', 'HSV 1 and 11 PCR Blood', 'NO', '8990.00', 'Green, EDTA', 'MOLECULARBIOLOGY', '', NULL),
(662, 'MCB24', 'HSV 11 PCR CSF', 'NO', '7780.00', 'Sterile container', 'MOLECULARBIOLOGY', '', NULL),
(663, 'MCB25', 'HSV 1 and 11 PCR CSF', 'NO', '8990.00', 'Sterile container', 'MOLECULARBIOLOGY', '', NULL),
(664, 'MCB26', 'Influenza (H1N1) Viral RNA RT-PCR', 'NO', '9860.00', 'Request a special container from Molecular Lab', 'MOLECULARBIOLOGY', '', NULL),
(665, 'MCB27', 'JAK 2 Mutation Detection(V617F) Blood', 'NO', '7120.00', 'Green, EDTA', 'MOLECULARBIOLOGY', '', NULL),
(666, 'MCB28', 'JAK 2 Mutation Detection(V617F) Bone marrow', 'NO', '7120.00', 'Green, EDTA', 'MOLECULARBIOLOGY', '', NULL),
(667, 'MCB29', 'Karyotyping', 'NO', '11380.00', '', 'MOLECULARBIOLOGY', '', NULL),
(668, 'MCB30', 'Kidney Stone Analysis(FTIR)', 'NO', '4270.00', 'Sterile container', 'MOLECULARBIOLOGY', '', NULL),
(669, 'MCB31', 'KRAS mutation detection for codon 12', 'NO', '8660.00', 'Sterile container', 'MOLECULARBIOLOGY', '', NULL),
(670, 'MCB32', 'KRAS mutation detection for codon 13', 'NO', '8660.00', 'Sterile container', 'MOLECULARBIOLOGY', '', NULL),
(671, 'MCB33', 'Leishmania Parasite DNA PCR', 'NO', '4270.00', 'Sterile container', 'MOLECULARBIOLOGY', '', NULL),
(672, 'MCB34', 'Malaria PCR (Species Specific)', 'NO', '5200.00', 'Green, EDTA', 'MOLECULARBIOLOGY', '', NULL),
(673, 'MCB35', 'MTHFR gene mutation detection PCR', 'NO', '6030.00', 'Green, EDTA', 'MOLECULARBIOLOGY', '', NULL),
(674, 'MCB36', 'PML RARA; t(15:17) PCR', 'NO', '9530.00', 'Green, EDTA', 'MOLECULARBIOLOGY', '', NULL),
(675, 'MCB37', 'TB PCR-Ascitic Fluid', 'NO', '6030.00', 'Sterile container', 'MOLECULARBIOLOGY', '', NULL),
(676, 'MCB38', 'TB PCR-Aspiration Fluid', 'NO', '6030.00', 'Sterile container', 'MOLECULARBIOLOGY', '', NULL),
(677, 'MCB39', 'TB PCR - Blood', 'NO', '6030.00', 'Green, EDTA', 'MOLECULARBIOLOGY', '', NULL),
(678, 'MCB40', 'TB PCR - Bone marrow', 'NO', '6030.00', 'Green, EDTA', 'MOLECULARBIOLOGY', '', NULL),
(679, 'MCB41', 'TB PCR - Bronchial wash', 'NO', '6030.00', 'Sterile container', 'MOLECULARBIOLOGY', '', NULL),
(680, 'MCB42', 'TB PCR - CSF', 'NO', '6030.00', 'Sterile container', 'MOLECULARBIOLOGY', '', NULL),
(681, 'MCB43', 'TB PCR - Peritoneal Fluid', 'NO', '6030.00', 'Sterile container', 'MOLECULARBIOLOGY', '', NULL),
(682, 'MCB44', 'TB PCR - Pelural Fluid', 'NO', '6030.00', 'Sterile container', 'MOLECULARBIOLOGY', '', NULL),
(683, 'MCB45', 'TB PCR - Sputum', 'NO', '6030.00', 'Sterile container', 'MOLECULARBIOLOGY', '', NULL),
(684, 'MCB46', 'TB PCR - Pericardial Fluid', 'NO', '6030.00', 'Sterile container', 'MOLECULARBIOLOGY', '', NULL),
(685, 'MCB47', 'TB PCR - Tissue (Biospy)', 'NO', '6030.00', 'Sterile container', 'MOLECULARBIOLOGY', '', NULL),
(686, 'MCB48', 'TB PCR - Pus', 'NO', '6030.00', 'Sterile container', 'MOLECULARBIOLOGY', '', NULL),
(687, 'MCB49', 'TB PCR - Urine', 'NO', '6030.00', 'Sterile container', 'MOLECULARBIOLOGY', '', NULL),
(688, 'MCB50', 'TB PCR - Knee Joint Aspiration', 'NO', '6030.00', 'Sterile container', 'MOLECULARBIOLOGY', '', NULL),
(689, 'MCB51', 'TB PCR - Other', 'NO', '6030.00', 'Sterile container', 'MOLECULARBIOLOGY', '', NULL),
(690, 'MCB52', 'Toxoplasma gondill DNA PCR', 'NO', '6470.00', 'Green, EDTA', 'MOLECULARBIOLOGY', '', NULL),
(691, 'MCB53', 'Viral Studies', 'NO', '39100.00', '', 'MOLECULARBIOLOGY', '', NULL),
(692, 'MCB54', 'IGF - 1, Insulin - like growth factor - 1', 'NO', '3855.00', '', 'MOLECULARBIOLOGY', '', NULL),
(693, 'EX1', 'TRAb -TSH receptor antibody', 'NO', '6350.00', '', 'EXTRA', '', NULL),
(694, 'EX2', 'Urine Metanephrines and Normetenephrines', 'NO', '6000.00', '', 'EXTRA', '', NULL),
(695, 'EX3', 'Total 25-hydroxy Vitamin D level', 'NO', '4500.00', '', 'EXTRA', '', NULL),
(696, 'EX4', 'Renin / Aldosterone', 'NO', '8750.00', '', 'EXTRA', '', NULL),
(697, 'EX5', 'Renin', 'NO', '5000.00', '', 'EXTRA', '', NULL),
(698, 'EX6', 'Alosterone', 'NO', '4000.00', '', 'EXTRA', '', NULL),
(699, 'EX7', 'Sex Hormone Binding Globulin (SHGB)', 'NO', '2500.00', '', 'EXTRA', '', NULL),
(700, 'EX8', 'Homocystein', 'NO', '2920.00', '', 'EXTRA', '', NULL),
(701, 'EX9', 'Cystatin C ', 'NO', '1750.00', '', 'EXTRA', '', NULL),
(702, 'EX10', 'Bile Acids', 'NO', '620.00', '', 'EXTRA', '', NULL),
(703, 'EX11', 'Erythropoetin', 'NO', '5780.00', '', 'EXTRA', '', NULL),
(704, 'EX12', 'Aldolase', 'NO', '8000.00', '', 'EXTRA', '', NULL),
(705, 'EX13', 'HOMA-IR Index', 'NO', '2780.00', '', 'EXTRA', '', NULL),
(706, 'EX14', 'Beta-2 Glycoprotein', 'NO', '3300.00', '', 'EXTRA', '', NULL);

-- --------------------------------------------------------

--
-- Table structure for table `labtest_has_parameter`
--

CREATE TABLE `labtest_has_parameter` (
  `labtest_id` int(11) NOT NULL,
  `labtest_parameter_id` int(11) NOT NULL
) ENGINE=InnoDB DEFAULT CHARSET=utf8;

--
-- Dumping data for table `labtest_has_parameter`
--

INSERT INTO `labtest_has_parameter` (`labtest_id`, `labtest_parameter_id`) VALUES
(261, 2),
(261, 3),
(261, 98),
(261, 99),
(261, 100),
(261, 101),
(261, 102),
(261, 103),
(261, 104),
(261, 105),
(261, 106),
(261, 107),
(261, 108),
(261, 109),
(261, 110),
(261, 111),
(261, 112),
(261, 113),
(261, 114),
(261, 115),
(299, 84),
(299, 85),
(158, 69),
(158, 70),
(158, 71),
(158, 72),
(158, 73),
(158, 74),
(158, 75),
(158, 76),
(158, 77),
(189, 86),
(189, 87),
(189, 88),
(189, 89),
(189, 90),
(189, 91),
(189, 92),
(189, 93),
(156, 62),
(156, 63),
(156, 64),
(156, 65),
(156, 67),
(156, 68),
(156, 66),
(287, 43),
(287, 44),
(287, 45),
(287, 46),
(287, 47),
(287, 48),
(287, 49),
(287, 50),
(287, 51),
(287, 52),
(287, 53),
(287, 54),
(287, 55),
(287, 56),
(287, 57),
(245, 2),
(245, 3),
(245, 4),
(245, 5),
(245, 6),
(245, 7),
(245, 8),
(245, 9),
(245, 10),
(245, 11),
(245, 12),
(245, 13),
(245, 14),
(245, 15),
(245, 16),
(245, 17),
(245, 18),
(548, 124),
(548, 125),
(548, 126),
(100, 32),
(100, 33),
(100, 34),
(28, 20),
(28, 21),
(28, 22),
(304, 51),
(304, 52),
(304, 53),
(304, 54),
(304, 55),
(304, 56),
(162, 117),
(162, 118),
(162, 119),
(219, 120),
(219, 121),
(219, 122),
(440, 1),
(87, 28),
(85, 95),
(85, 96),
(30, 36),
(42, 83),
(284, 35),
(133, 41),
(442, 19),
(204, 97),
(483, 60),
(544, 123),
(211, 116),
(463, 37),
(463, 38),
(32, 40),
(65, 27),
(173, 82),
(457, 30),
(457, 31),
(271, 23),
(271, 24),
(654, 61),
(469, 42),
(522, 94),
(458, 29),
(5, 4),
(5, 5),
(1, 6),
(1, 7),
(1, 8),
(1, 9),
(1, 10),
(20, 77),
(270, 26),
(246, 39);

-- --------------------------------------------------------

--
-- Table structure for table `labtest_parameter`
--

CREATE TABLE `labtest_parameter` (
  `id` int(11) NOT NULL,
  `code` varchar(10) DEFAULT NULL,
  `name` varchar(255) NOT NULL,
  `unit` varchar(45) DEFAULT NULL,
  `min` varchar(7) DEFAULT NULL,
  `max` varchar(6) DEFAULT NULL,
  `parameter_header` varchar(4) DEFAULT NULL
) ENGINE=InnoDB DEFAULT CHARSET=utf8;

--
-- Dumping data for table `labtest_parameter`
--

INSERT INTO `labtest_parameter` (`id`, `code`, `name`, `unit`, `min`, `max`, `parameter_header`) VALUES
(1, 'ANAA1', 'Anti Nuclear Antibody, Aggutination ', '', '', '', 'No'),
(2, 'AOCS1', 'PHYSICAL EXAMINATION', '', '', '', 'Yes'),
(3, 'AOCS2', 'COLOUR', '', '', '', 'No'),
(4, 'AOCS3', 'CONSISTENCY', '', '', '', 'No'),
(5, 'AOCS4', 'BLOOD ', '', '', '', 'No'),
(6, 'AOCS5', 'MUCUS ', '', '', '', 'No'),
(7, 'AOCS6', 'MICROSCOPIC EXAMINATION', '', '', '', 'Yes'),
(8, 'AOCS7', 'RED BLOOD CELLS ', '', '', '', 'No'),
(9, 'AOCS8', 'PUS CELLS ', '/h.p.f.', '', '', 'No'),
(10, 'AOCS9', 'EPITHELIAL CELLS ', '/h.p.f', '', '', 'No'),
(11, 'AOCS10', 'MACROPHAGES ', '', '', '', 'No'),
(12, 'AOCS11', 'ROUND WORM ', '', '', '', 'No'),
(13, 'AOCS12', 'HOOK WORM ', '', '', '', 'No'),
(14, 'AOCS13', 'WHIP WORM ', '', '', '', 'No'),
(15, 'AOCS14', 'THREAD WORM ', '', '', '', 'No'),
(16, 'AOCS15', 'AMOEBA ', '', '', '', 'No'),
(17, 'AOCS16', 'GIARDIA LAMBLIA ', '', '', '', 'No'),
(18, 'AOCS17', 'CHARCOT-LEYDEN CRYSTALS ', '', '', '', 'No'),
(19, 'ASOT', 'A.S.O.T. ', 'IU/ml ', '0', '200', 'No'),
(20, 'BilProf1', 'TOTAL BILIRUBIN ', 'mg/dl ', '2', '1.2', 'No'),
(21, 'BilProf2', 'BILIRUBIN, DIRECT, SERUM ', 'mg/dl ', '0', '0.25', 'No'),
(22, 'BilProf3', 'INDIRECT BILIRUBIN ', 'mg/dl', '', '', 'No'),
(23, 'BLGRH1', 'GROUP', '', '', '', 'No'),
(24, 'BLGRH2', 'RHESUS ', '', '', '', 'No'),
(25, 'BTCT1', 'BLEEDING TIME', 'Mins.Secs', '2', '7', 'No'),
(26, 'BTCT2', 'CLOTTING TIME', 'Mins.Secs', '4', '9', 'No'),
(27, 'CaToSe1', 'Calcium, Total, Serum ', 'mg/dl ', '', '', 'No'),
(28, 'CRP1', 'C-Reactive Protein (CRP) ', 'mg/l ', '0', '6', 'No'),
(29, 'DART1', 'Dengue Antigen, Rapid Test ', '', '', '', 'No'),
(30, 'DeIgMG1', 'DENGUE ANTIBODIES (IgM) ', '', '', '', 'No'),
(31, 'DeIgMG2', 'DENGUE ANTIBODIES (IgG)', '', '', '', 'No'),
(32, 'EleSer1', 'Serum Sodium ', 'mmol/L ', '135', '148', 'No'),
(33, 'EleSer2', 'Serum Potassium ', 'mmol/L ', '3.6', '5.2', 'No'),
(34, 'EleSer3', 'Serum Chloride ', 'mmol/L ', '98', '108', 'No'),
(35, 'ESRW', 'AT THE END OF 1 HOUR', 'mm', '', '', 'No'),
(36, 'FBS1', 'Glucose, Fasting , Plasma ', 'mg/dl ', '74', '106', 'No'),
(37, 'FlAnRt1', 'Filaria Antibody IgG', '', '', '', 'No'),
(38, 'FlAnRt2', 'Filaria Antibody IgM', '', '', '', 'No'),
(39, 'FOB1', 'Occult Blood, Faeces ', '', '', '', 'No'),
(40, 'GlRaPl', 'Glucose, Random, Plasma ', 'mg/dl ', 'UPTO', '144', 'No'),
(41, 'HBA1C', 'HbA1c ', '% ', '', '', 'No'),
(42, 'HBART1', 'HBsAg, Rapid Test ', '', '', '', 'No'),
(43, 'FBC1', 'WHITE BLOOD CELLS', '', '', '', 'Yes'),
(44, 'FBC2', 'W.B.C', 'Per Cu mm', '4000', '11000', 'No'),
(45, 'FBC3', 'NEUTROPHILS', '%', '', '', 'No'),
(46, 'FBC4', 'LYMPHOCYTES ', '%', '', '', 'No'),
(47, 'FBC5', 'EOSINOPHIL ', '%', '', '', 'No'),
(48, 'FBC6', 'MONOCYTES ', '%', '', '', 'No'),
(49, 'FBC7', 'BASOPHILS', '%', '', '', 'No'),
(50, 'FBC8', 'RED BLOOD CELLS', '', '', '', 'Yes'),
(51, 'FBC9', 'HAEMOGLOBIN ', 'g/dl ', '11', '16.5', 'No'),
(52, 'FBC10', 'P.C.V. ', '% ', '36', '48', 'No'),
(53, 'FBC11', 'M.C.H.C. ', 'g/dl ', '33', '37', 'No'),
(54, 'FBC12', 'R.B.C. ', '10^6 /UL', '4', '6.2', 'No'),
(55, 'FBC13', 'M.C.H. ', 'Pg', '27', '31', 'No'),
(56, 'FBC14', 'M.C.V. ', 'fL ', '78', '100', 'No'),
(57, 'FBC15', 'Platelet count', 'Per Cu mm', '150000', '400000', 'No'),
(58, 'HCGB1', 'HCG, Rapid Test, Blood', '', '', '', 'No'),
(59, 'HCGU1', 'HCG, Rapid Test, Urine', '', '', '', 'No'),
(60, 'HECAN1', 'HEPATITIS C ANTIBODIES', '', '', '', 'No'),
(61, 'HIVA1', 'HIV 1&2 Antibody, Rapid Test', '', '', '', 'No'),
(62, 'LipPro1', 'Cholesterol, Total, Serum ', 'mg/dl ', '150', '200', 'No'),
(63, 'LipPro2', 'Triglycerides ', 'mg/dl  ', '50', '150', 'No'),
(64, 'LipPro3', 'Cholesterol, HDL, Serum ', 'mg/dl ', '40', '60', 'No'),
(65, 'LipPro4', 'Cholesterol, LDL, Serum ', 'mg/dl ', '0', '160', 'No'),
(66, 'LipPro5', 'Total/HDL Cholesterol ratio ', NULL, '<', '3.8', 'No'),
(67, 'LipPro6', 'VLDL Cholesterol ', 'mg/dl', '', '', 'No'),
(68, 'LipPro7', 'Non-HDL Cholesterol ', 'mg/dl', '', '', 'No'),
(69, 'LivPro1', 'Serum Total Proteins', 'g/dl ', '6.4', '8.2', 'No'),
(70, 'LivPro2', 'Albumin, Serum ', 'g/dl ', '3.4', '5', 'No'),
(71, 'LivPro3', 'Globulin, Serum ', 'g/dl ', '1.8', '3.6', 'No'),
(72, 'LivPro4', 'Albumin/Globulin Ratio ', '', '', '', 'No'),
(73, 'LivPro5', 'Bilirubin, Total, Serum ', 'mg/dl ', '0.2', '1.2', 'No'),
(74, 'LivPro6', 'SGPT (ALT) ', 'u/l ', '10', '40', 'No'),
(75, 'LivPro7', 'Gamma-GT ', 'u/l ', '5', '85', 'No'),
(76, 'LivPro8', 'Alkaline Phosphatase(ALP) ', 'u/l ', '46', '116', 'No'),
(77, 'LivPro9', 'SGOT (AST) ', 'u/l ', '13', '31', 'No'),
(78, 'OGTT1', 'Glucose 1 Hour', 'mg/dl ', '', '', 'No'),
(79, 'OGTT2', 'Glucose 2 Hour', 'mg/dl ', '', '', 'No'),
(80, 'OGTT5/1', 'Glucose, 30 Minute ', 'mg/dl ', '', '', 'No'),
(81, 'OGTT5/2', 'Glucose 1 Hour 30 Minute', 'mg/dl ', '', '', 'No'),
(82, 'PhSe1', 'Phosphorus, Serum ', 'mg/dl', '', '', 'No'),
(83, 'PP2H', 'Glucose, Post Prandial 2H, Plasma ', 'mg/dl ', 'UPTO', '140', 'No'),
(84, 'PTINR1', 'PROTHROMBIN TIME', 'Sec', '9.8', '12.1', 'No'),
(85, 'PTINR2', 'NORMAL CONTROL', 'Sec', '', '', 'No'),
(86, 'RenPro1', 'Serum Sodium ', 'mmol/L ', '135', '148', 'No'),
(87, 'RenPro2', 'Serum Potassium ', 'mmol/L ', '3.6', '5.2', 'No'),
(88, 'RenPro3', 'Serum Chloride ', 'mmol/L ', '98', '108', 'No'),
(89, 'RenPro4', 'Urea ', 'mg/dl ', '10', '55', 'No'),
(90, 'RenPro5', 'Serum Creatinine ', 'mg/dl', '', '', 'No'),
(91, 'RenPro6', 'Uric Acid, Serum ', 'mg/dl', '', '', 'No'),
(92, 'RenPro7', 'Calcium, Total, Serum ', 'mg/dl ', '', '', 'No'),
(93, 'RenPro8', 'Phosphorus, Serum ', 'mg/dl', '', '', 'No'),
(94, 'RHF1', 'Rheumatoid Factor, Serum', 'U/ml', '0', '8', 'No'),
(95, 'SeCrEGF1', 'Serum Creatinine ', 'mg/dl', '', '', 'No'),
(96, 'SeCrEGF2', 'e G F R ', 'ml/minute/1.73 m2', '', '', 'No'),
(97, 'TROPO1', 'TROPONIN- I (QUALITATIVE) ', '', '', '', 'No'),
(98, 'UFR3', 'APPEARANCE ', '', '', '', 'No'),
(99, 'UFR4', 'pH ', '', '', '', 'No'),
(100, 'UFR5', 'SPECIFIC GRAVITY ', '', '', '', 'No'),
(101, 'UFR6', 'CHEMICAL EXAMINATION (DIPSTICK METHOD)', '', '', '', 'Yes'),
(102, 'UFR7', 'PROTEINS(ALBUMIN) ', '', '', '', 'No'),
(103, 'UFR8', 'GLUCOSE, URINE ', '', '', '', 'No'),
(104, 'UFR9', 'KETONE BODIES ', '', '', '', 'No'),
(105, 'UFR10', 'BILIRUBIN ', '', '', '', 'No'),
(106, 'UFR11', 'UROBILINOGEN', '', '', '', 'No'),
(107, 'UFR12', 'NITRITES ', '', '', '', 'No'),
(108, 'UFR13', 'MICROSCOPIC EXAMINATION', '', '', '', 'Yes'),
(109, 'UFR14', 'RED CELLS', '/h.p.f.', '', '', 'No'),
(110, 'UFR15', 'PUS CELLS', '/h.p.f.', '', '', 'No'),
(111, 'UFR16', 'EPITHELIAL CELLS', '/h.p.f', '', '', 'No'),
(112, 'UFR17', 'CASTS', '', '', '', 'No'),
(113, 'UFR18', 'CRYSTALS', '', '', '', 'No'),
(114, 'UFR19', 'YEAST', '', '', '', 'No'),
(115, 'UFR20', 'OTHER ', '', '', '', 'No'),
(116, 'URAS1', 'Uric Acid, Serum ', 'mg/dl ', '', '', 'No'),
(117, 'UrMiAl1', 'URINE MICRO ALBUMIN ', 'mg/l', '', '', 'No'),
(118, 'UrMiAl2', 'URINE CREATININE ', 'mg/dl', '', '', 'No'),
(119, 'UrMiAl3', 'ALBUMIN/CREATININE RATIO ', 'mg of albumin/g of creatinine', '', '', 'No'),
(120, 'UrPrCr1', 'URINE PROTEIN ', 'mg/dl ', '0', '11.9', 'No'),
(121, 'UrPrCr2', 'URINE CREATININE ', 'mg/dl', '', '', 'No'),
(122, 'UrPrCr3', 'URINE PROTEIN /CREATININE ', '', '', '', 'No'),
(123, 'VDRLRP1', 'VDRL (RPR) ', '', '', '', 'No'),
(124, 'WIDAL1', 'S.TYPHI H ', '', '', '', 'No'),
(125, 'WIDAL2', 'S.TYPHI O ', '', '', '', 'No'),
(126, 'WIDAL3', 'S.PARATYPHI AH ', '', '', '', 'No'),
(127, 'WIDAL4', 'S. PARATYPHI BH ', '', '', '', 'No');

-- --------------------------------------------------------

--
-- Table structure for table `medical_package`
--

CREATE TABLE `medical_package` (
  `id` int(11) NOT NULL,
  `name` varchar(100) NOT NULL,
  `price` decimal(10,2) NOT NULL,
  `medical_package_status` varchar(50) NOT NULL,
  `created_date` datetime DEFAULT CURRENT_TIMESTAMP ON UPDATE CURRENT_TIMESTAMP
) ENGINE=InnoDB DEFAULT CHARSET=utf8;

--
-- Dumping data for table `medical_package`
--

INSERT INTO `medical_package` (`id`, `name`, `price`, `medical_package_status`, `created_date`) VALUES
(1, 'Suwapethuma ', '3000.00', 'OPEN', '2018-12-22 00:00:00'),
(2, 'Diabetic Day Special', '2500.00', 'TEMCLOSED', '2018-11-06 00:00:00'),
(3, 'Kidney Day Special', '2800.00', 'TEMCLOSED', '2018-09-17 15:43:17'),
(4, 'Heart Day Special', '3500.00', 'TEMCLOSED', '2018-09-17 15:43:17'),
(5, 'Diabetic + Liver', '3500.00', 'OPEN', '2018-11-06 00:00:00'),
(6, 'Liver Management', '3500.00', 'OPEN', '2018-09-18 08:29:19'),
(7, 'ASa', '1223.00', 'OPEN', NULL),
(8, 'Asanka', '232.00', 'OPEN', '2018-10-22 00:00:00');

-- --------------------------------------------------------

--
-- Table structure for table `medical_package_has_labtest`
--

CREATE TABLE `medical_package_has_labtest` (
  `medical_package_id` int(11) NOT NULL,
  `labtest_id` int(11) NOT NULL
) ENGINE=InnoDB DEFAULT CHARSET=utf8;

--
-- Dumping data for table `medical_package_has_labtest`
--

INSERT INTO `medical_package_has_labtest` (`medical_package_id`, `labtest_id`) VALUES
(2, 1),
(2, 2),
(2, 3),
(2, 4),
(2, 5),
(5, 1),
(5, 2),
(5, 3),
(5, 4),
(5, 5),
(1, 76),
(1, 156),
(1, 287),
(1, 189),
(1, 261),
(1, 284);

-- --------------------------------------------------------

--
-- Table structure for table `patient`
--

CREATE TABLE `patient` (
  `id` int(11) NOT NULL,
  `number` varchar(45) DEFAULT NULL,
  `title` varchar(11) NOT NULL,
  `name` varchar(45) NOT NULL,
  `gender` varchar(6) NOT NULL,
  `nic` varchar(12) DEFAULT NULL,
  `email` varchar(45) DEFAULT NULL,
  `mobile` varchar(10) DEFAULT NULL,
  `land` varchar(10) DEFAULT NULL,
  `created_date` datetime DEFAULT CURRENT_TIMESTAMP ON UPDATE CURRENT_TIMESTAMP,
  `date_of_birth` date DEFAULT NULL,
  `created_at` datetime DEFAULT NULL,
  `updated_at` datetime DEFAULT NULL
) ENGINE=InnoDB DEFAULT CHARSET=utf8;

--
-- Dumping data for table `patient`
--

INSERT INTO `patient` (`id`, `number`, `title`, `name`, `gender`, `nic`, `email`, `mobile`, `land`, `created_date`, `date_of_birth`, `created_at`, `updated_at`) VALUES
(1, 'EHS1', 'MR', 'KRAL Kahatapitiya', 'MALE', '900200226V', 'asakahatapitiya@gmail.com', '0772350438', '0716318038', '2019-02-19 14:49:21', '1990-01-20', '2018-09-07 00:19:54', '2018-09-07 00:00:00'),
(2, 'EHS2', 'MR', 'Asanka Lalith', 'MALE', '900200822V', 'asa@gmail.com', '0712345678', '0712345678', '2018-10-23 13:41:48', '2019-11-24', '2018-10-23 00:00:00', NULL),
(4, '231231312', 'MR', 'vdfsdfdsd', 'MALE', '332323423V', '', '2432324234', '', '2018-10-27 12:21:30', '2018-10-03', '2018-10-27 00:00:00', NULL),
(5, 'EHS10', 'MR', 'Tharaka Udayanga', 'MALE', '900300226V', '', '0716318039', '', '2019-02-19 09:30:39', '2017-01-31', '2018-11-05 00:00:00', '2019-02-19 00:00:00'),
(6, 'EHS99', 'MR', 'sfasfdsadsgadf', 'MALE', '433433433V', '', '0772350439', '', '2018-11-14 13:50:02', '2019-11-06', '2018-11-05 00:00:00', NULL),
(8, 'EHS3', 'MR', 'Asanka  la', 'MALE', '900900900V', 'asakahatapitiya@gmail.com', '0716318039', '', '2018-11-06 10:46:35', '2018-01-01', '2018-11-06 00:00:00', NULL),
(9, 'EHS100', 'MR', 'KRAL KAHATAPITIYA', 'MALE', '900200227V', 'panaduralaboratory.nawaloka@gmail.com', '0716318039', '', '2018-11-07 12:16:27', '1990-01-20', '2018-11-07 00:00:00', NULL),
(11, 'EHS1001', 'MR', 'KRAL KAHATAPITIYA', 'MALE', '900300228V', 'asakahatapitiya@gmail.com', '0716318039', '', '2018-11-11 20:10:43', '1990-01-30', '2018-11-07 00:00:00', NULL),
(12, 'EHS1002', 'MR', 'Asanka alalalalala', 'MALE', '900300500V', 'sameerachathuranga76@gmail.com', '0712345678', '', '2018-11-11 20:33:11', '1990-01-30', '2018-11-11 00:00:00', '2018-11-11 00:00:00'),
(13, 'EHS1003', 'MR', 'Sammera chathuranga', 'MALE', '912302343V', 'sameerachathuranga76@gmail.com', '0772350438', '', '2018-11-11 20:45:24', '1991-08-17', '2018-11-11 00:00:00', NULL),
(14, 'EHS1004', 'MR', 'Asanka Lalitha', 'MALE', '900222897V', 'asakahatapitiya@gmail.com', '0712345678', '', '2018-11-13 23:07:56', '1990-01-22', '2018-11-13 00:00:00', NULL),
(15, 'EHS1005', 'MR', 'KRAL KAHATAPITIYA', 'MALE', '900200235V', 'asakahatapitiya@gmail.com', '0716318039', '', '2018-11-18 09:03:50', '1990-01-20', '2018-11-18 00:00:00', NULL),
(16, 'EHS1006', 'MR', 'Asanka Lalith', 'FEMALE', '9002002212V', '', '0712345678', '', '2019-02-19 11:35:29', '2019-02-28', '2019-02-19 00:00:00', NULL);

-- --------------------------------------------------------

--
-- Table structure for table `refund`
--

CREATE TABLE `refund` (
  `id` int(11) NOT NULL,
  `amount` decimal(10,2) DEFAULT NULL,
  `created_at` date NOT NULL,
  `reason` varchar(45) DEFAULT NULL,
  `invoice_id` int(11) DEFAULT NULL,
  `user_id` int(11) DEFAULT NULL,
  `updated_at` date DEFAULT NULL
) ENGINE=InnoDB DEFAULT CHARSET=utf8;

--
-- Dumping data for table `refund`
--

INSERT INTO `refund` (`id`, `amount`, `created_at`, `reason`, `invoice_id`, `user_id`, `updated_at`) VALUES
(1, '909.00', '2018-11-07', '<p>sdasdasda</p>', 23, 1, NULL);

-- --------------------------------------------------------

--
-- Table structure for table `result_table`
--

CREATE TABLE `result_table` (
  `id` int(11) NOT NULL,
  `result` varchar(255) DEFAULT NULL,
  `invoice_has_lab_test_id` int(11) DEFAULT NULL,
  `labtest_id` int(11) DEFAULT NULL,
  `labtest_parameter_id` int(11) DEFAULT NULL,
  `absolute_count` varchar(7) DEFAULT NULL
) ENGINE=InnoDB DEFAULT CHARSET=latin1;

--
-- Dumping data for table `result_table`
--

INSERT INTO `result_table` (`id`, `result`, `invoice_has_lab_test_id`, `labtest_id`, `labtest_parameter_id`, `absolute_count`) VALUES
(1, '14', 134, 158, 77, NULL),
(2, '12', 135, 162, 119, NULL),
(3, '122', 136, 173, 82, NULL),
(4, '121', 138, 204, 97, NULL),
(5, '122', 139, 211, 116, NULL),
(6, '12', 140, 219, 120, NULL),
(7, '12', 140, 219, 120, NULL),
(8, '12', 140, 219, 120, NULL),
(9, '12', 140, 219, 121, NULL),
(10, '12', 140, 219, 121, NULL),
(11, '12', 140, 219, 121, NULL),
(12, '12', 140, 219, 122, NULL),
(13, '12', 140, 219, 122, NULL),
(14, '12', 140, 219, 122, NULL),
(15, 'd', 141, 245, 18, NULL),
(16, '12\n entered result for relevant filed', 142, 246, 39, NULL),
(17, '123\n entered result for relevant filed', 145, 270, 26, NULL),
(18, '12', 146, 271, 24, NULL);

-- --------------------------------------------------------

--
-- Table structure for table `role`
--

CREATE TABLE `role` (
  `id` int(11) NOT NULL,
  `name` varchar(45) DEFAULT NULL
) ENGINE=InnoDB DEFAULT CHARSET=utf8;

--
-- Dumping data for table `role`
--

INSERT INTO `role` (`id`, `name`) VALUES
(1, 'ROLE_MANAGER'),
(2, 'ROLE_MLT1'),
(3, 'ROLE_MLT2'),
(4, 'ROLE_CHASHIER'),
(5, 'ROLE_PHLEBOTOMISE'),
(6, 'ROLE_ADMIN');

-- --------------------------------------------------------

--
-- Table structure for table `user`
--

CREATE TABLE `user` (
  `id` int(11) NOT NULL,
  `username` varchar(45) NOT NULL,
  `password` varchar(60) NOT NULL,
  `role_id` int(11) NOT NULL,
  `enabled` bit(1) DEFAULT NULL,
  `created_date` datetime DEFAULT NULL,
  `employee_id` int(11) DEFAULT NULL
) ENGINE=InnoDB DEFAULT CHARSET=utf8;

--
-- Dumping data for table `user`
--

INSERT INTO `user` (`id`, `username`, `password`, `role_id`, `enabled`, `created_date`, `employee_id`) VALUES
(1, 'Manager', '$2a$10$RpW1UBilJkOX53bsyFaK0OOSqXLkNQxI3LZ1qIorayeSE6Il/cjJC', 1, b'1', '2018-10-20 00:00:00', 1),
(2, 'MLT Grade 1', '$2a$10$8W60byDfdBmKOtjdzx0w2OmSOc11FKi69lojUWMWLBqKQ3DDmROzS', 2, b'1', '2018-10-20 00:00:00', 2),
(5, 'MLT Grade 2', '$2a$10$T9LRs9ZODnTgVqhQt91TDuYeRzxyFsBg3adH8QrsOpAcalUeMRfCu', 3, b'1', '2018-10-20 00:00:00', 3),
(6, 'Cashier', '$2a$10$mjmJWd2fUlpHtMDIR9MHcuzNgWuPllDdnTBGyi44LVN12FZh8OaNC', 4, b'1', '2018-10-20 00:00:00', 4),
(7, 'Phlebotomist', '$2a$10$yw/ltxCuKPTZxS/vdIZ1xOtTbFSMq2NEoV0zf.KNquMt2Dl1EVq3K', 5, b'1', '2018-11-21 00:00:00', 15),
(8, 'Administrator', '$2a$10$JlMIEu0QwSH4I0t.j/jroe9YULVJOgrLUxe8G15h85TF6KFDUzFw.', 6, b'1', '2018-10-20 00:00:00', 10);

--
-- Indexes for dumped tables
--

--
-- Indexes for table `collecting_center`
--
ALTER TABLE `collecting_center`
  ADD PRIMARY KEY (`id`);

--
-- Indexes for table `consultation`
--
ALTER TABLE `consultation`
  ADD PRIMARY KEY (`id`);

--
-- Indexes for table `discount_ratio`
--
ALTER TABLE `discount_ratio`
  ADD PRIMARY KEY (`id`);

--
-- Indexes for table `doctor`
--
ALTER TABLE `doctor`
  ADD PRIMARY KEY (`id`),
  ADD UNIQUE KEY `slmc_number_UNIQUE` (`slmc_number`),
  ADD KEY `fk_doctor_consultation1_idx` (`consultation_id`);

--
-- Indexes for table `employee`
--
ALTER TABLE `employee`
  ADD PRIMARY KEY (`id`);

--
-- Indexes for table `invoice`
--
ALTER TABLE `invoice`
  ADD PRIMARY KEY (`id`),
  ADD KEY `FK545wvogwyfnkjfnwesvfrdsxb` (`collecting_center_id`),
  ADD KEY `FKaqmv80i9p25a4fsj8x0e60shi` (`discount_ratio_id`),
  ADD KEY `FKooyykfsat84yeqr06yx3h5392` (`patient_id`),
  ADD KEY `FKjq199eupnsh9f4ppywxhux4pl` (`medical_package_id`),
  ADD KEY `FKjunvl5maki3unqdvljk31kns3` (`user_id`),
  ADD KEY `FKoudcjrd2am4wg0x7me64249kf` (`doctor_id`);

--
-- Indexes for table `invoice_has_labtest`
--
ALTER TABLE `invoice_has_labtest`
  ADD PRIMARY KEY (`id`),
  ADD KEY `FKokxfp3r7vykcjjnxetfgtlybx` (`invoice_id`),
  ADD KEY `FK9k9f4ouygbi3kv91fpj7utm8f` (`labtest_id`),
  ADD KEY `FK46i8009k8oecq8mgq1jjw063q` (`report_authorized_user_id`),
  ADD KEY `FKfqi8y6ycbvypbgo9tgn815fsc` (`report_printed_user_id`),
  ADD KEY `FK66qsm9i1yquxi4rlh3r48rnru` (`report_re_printed_user_id`),
  ADD KEY `FKeuwyu4kerogdrdho1tv79ktki` (`result_entered_user_id`),
  ADD KEY `FKitpojf5u7yhhb5vcbyx2k1iev` (`sample_collecting_user_id`),
  ADD KEY `FKokt1guxwenppm6dajnitud4kb` (`user_id`),
  ADD KEY `FK2irixmyguwgwauonvkxykg01t` (`work_sheet_taken_user_id`);

--
-- Indexes for table `labtest`
--
ALTER TABLE `labtest`
  ADD PRIMARY KEY (`id`),
  ADD UNIQUE KEY `code_UNIQUE` (`code`);

--
-- Indexes for table `labtest_has_parameter`
--
ALTER TABLE `labtest_has_parameter`
  ADD KEY `FKro65nedng07h6ooqnupm43enx` (`labtest_parameter_id`),
  ADD KEY `FK14u2fgxs8sf4lakfrl8xv3h3d` (`labtest_id`);

--
-- Indexes for table `labtest_parameter`
--
ALTER TABLE `labtest_parameter`
  ADD PRIMARY KEY (`id`),
  ADD UNIQUE KEY `UK_jpamh03a0spbs9ik5tofyqd4x` (`code`);

--
-- Indexes for table `medical_package`
--
ALTER TABLE `medical_package`
  ADD PRIMARY KEY (`id`);

--
-- Indexes for table `medical_package_has_labtest`
--
ALTER TABLE `medical_package_has_labtest`
  ADD KEY `FKodu3gos9rbj75u2sw1j4vrbky` (`medical_package_id`),
  ADD KEY `FKnn08abt350vjekhjelli93cf5` (`labtest_id`);

--
-- Indexes for table `patient`
--
ALTER TABLE `patient`
  ADD PRIMARY KEY (`id`),
  ADD UNIQUE KEY `number_UNIQUE` (`number`),
  ADD UNIQUE KEY `nic_UNIQUE` (`nic`);

--
-- Indexes for table `refund`
--
ALTER TABLE `refund`
  ADD PRIMARY KEY (`id`),
  ADD KEY `FK4ny5ywx78sgoir4c4gifedx7e` (`invoice_id`),
  ADD KEY `FK801i2a251yo9am9xdcy628cvs` (`user_id`);

--
-- Indexes for table `result_table`
--
ALTER TABLE `result_table`
  ADD PRIMARY KEY (`id`),
  ADD KEY `FKmbjuwsrdvubmpxjja768olqq` (`invoice_has_lab_test_id`),
  ADD KEY `FKij3r19xppihdyt9o5vvk3a3eh` (`labtest_id`),
  ADD KEY `FKavmc982d1h4b7qtt5u0cr0owl` (`labtest_parameter_id`);

--
-- Indexes for table `role`
--
ALTER TABLE `role`
  ADD PRIMARY KEY (`id`);

--
-- Indexes for table `user`
--
ALTER TABLE `user`
  ADD PRIMARY KEY (`id`),
  ADD UNIQUE KEY `UK_r1usl9qoplqsbrhha5e0niqng` (`employee_id`),
  ADD KEY `fk_user_role1_idx` (`role_id`);

--
-- AUTO_INCREMENT for dumped tables
--

--
-- AUTO_INCREMENT for table `collecting_center`
--
ALTER TABLE `collecting_center`
  MODIFY `id` int(11) NOT NULL AUTO_INCREMENT, AUTO_INCREMENT=5;
--
-- AUTO_INCREMENT for table `consultation`
--
ALTER TABLE `consultation`
  MODIFY `id` int(11) NOT NULL AUTO_INCREMENT, AUTO_INCREMENT=545;
--
-- AUTO_INCREMENT for table `discount_ratio`
--
ALTER TABLE `discount_ratio`
  MODIFY `id` int(11) NOT NULL AUTO_INCREMENT, AUTO_INCREMENT=5;
--
-- AUTO_INCREMENT for table `doctor`
--
ALTER TABLE `doctor`
  MODIFY `id` int(11) NOT NULL AUTO_INCREMENT, AUTO_INCREMENT=8;
--
-- AUTO_INCREMENT for table `employee`
--
ALTER TABLE `employee`
  MODIFY `id` int(11) NOT NULL AUTO_INCREMENT, AUTO_INCREMENT=25;
--
-- AUTO_INCREMENT for table `invoice`
--
ALTER TABLE `invoice`
  MODIFY `id` int(11) NOT NULL AUTO_INCREMENT, AUTO_INCREMENT=73;
--
-- AUTO_INCREMENT for table `invoice_has_labtest`
--
ALTER TABLE `invoice_has_labtest`
  MODIFY `id` int(11) NOT NULL AUTO_INCREMENT, AUTO_INCREMENT=227;
--
-- AUTO_INCREMENT for table `labtest`
--
ALTER TABLE `labtest`
  MODIFY `id` int(11) NOT NULL AUTO_INCREMENT, AUTO_INCREMENT=707;
--
-- AUTO_INCREMENT for table `labtest_parameter`
--
ALTER TABLE `labtest_parameter`
  MODIFY `id` int(11) NOT NULL AUTO_INCREMENT, AUTO_INCREMENT=128;
--
-- AUTO_INCREMENT for table `medical_package`
--
ALTER TABLE `medical_package`
  MODIFY `id` int(11) NOT NULL AUTO_INCREMENT, AUTO_INCREMENT=9;
--
-- AUTO_INCREMENT for table `patient`
--
ALTER TABLE `patient`
  MODIFY `id` int(11) NOT NULL AUTO_INCREMENT, AUTO_INCREMENT=17;
--
-- AUTO_INCREMENT for table `refund`
--
ALTER TABLE `refund`
  MODIFY `id` int(11) NOT NULL AUTO_INCREMENT, AUTO_INCREMENT=2;
--
-- AUTO_INCREMENT for table `result_table`
--
ALTER TABLE `result_table`
  MODIFY `id` int(11) NOT NULL AUTO_INCREMENT, AUTO_INCREMENT=19;
--
-- AUTO_INCREMENT for table `role`
--
ALTER TABLE `role`
  MODIFY `id` int(11) NOT NULL AUTO_INCREMENT, AUTO_INCREMENT=7;
--
-- AUTO_INCREMENT for table `user`
--
ALTER TABLE `user`
  MODIFY `id` int(11) NOT NULL AUTO_INCREMENT, AUTO_INCREMENT=9;
--
-- Constraints for dumped tables
--

--
-- Constraints for table `doctor`
--
ALTER TABLE `doctor`
  ADD CONSTRAINT `fk_doctor_consultation1` FOREIGN KEY (`consultation_id`) REFERENCES `consultation` (`id`) ON DELETE NO ACTION ON UPDATE NO ACTION;

--
-- Constraints for table `invoice`
--
ALTER TABLE `invoice`
  ADD CONSTRAINT `FK545wvogwyfnkjfnwesvfrdsxb` FOREIGN KEY (`collecting_center_id`) REFERENCES `collecting_center` (`id`),
  ADD CONSTRAINT `FKaqmv80i9p25a4fsj8x0e60shi` FOREIGN KEY (`discount_ratio_id`) REFERENCES `discount_ratio` (`id`),
  ADD CONSTRAINT `FKjq199eupnsh9f4ppywxhux4pl` FOREIGN KEY (`medical_package_id`) REFERENCES `medical_package` (`id`),
  ADD CONSTRAINT `FKjunvl5maki3unqdvljk31kns3` FOREIGN KEY (`user_id`) REFERENCES `user` (`id`),
  ADD CONSTRAINT `FKooyykfsat84yeqr06yx3h5392` FOREIGN KEY (`patient_id`) REFERENCES `patient` (`id`),
  ADD CONSTRAINT `FKoudcjrd2am4wg0x7me64249kf` FOREIGN KEY (`doctor_id`) REFERENCES `doctor` (`id`);

--
-- Constraints for table `invoice_has_labtest`
--
ALTER TABLE `invoice_has_labtest`
  ADD CONSTRAINT `FK2irixmyguwgwauonvkxykg01t` FOREIGN KEY (`work_sheet_taken_user_id`) REFERENCES `user` (`id`),
  ADD CONSTRAINT `FK46i8009k8oecq8mgq1jjw063q` FOREIGN KEY (`report_authorized_user_id`) REFERENCES `user` (`id`),
  ADD CONSTRAINT `FK66qsm9i1yquxi4rlh3r48rnru` FOREIGN KEY (`report_re_printed_user_id`) REFERENCES `user` (`id`),
  ADD CONSTRAINT `FK9k9f4ouygbi3kv91fpj7utm8f` FOREIGN KEY (`labtest_id`) REFERENCES `labtest` (`id`),
  ADD CONSTRAINT `FKeuwyu4kerogdrdho1tv79ktki` FOREIGN KEY (`result_entered_user_id`) REFERENCES `user` (`id`),
  ADD CONSTRAINT `FKfqi8y6ycbvypbgo9tgn815fsc` FOREIGN KEY (`report_printed_user_id`) REFERENCES `user` (`id`),
  ADD CONSTRAINT `FKitpojf5u7yhhb5vcbyx2k1iev` FOREIGN KEY (`sample_collecting_user_id`) REFERENCES `user` (`id`),
  ADD CONSTRAINT `FKokt1guxwenppm6dajnitud4kb` FOREIGN KEY (`user_id`) REFERENCES `user` (`id`),
  ADD CONSTRAINT `FKokxfp3r7vykcjjnxetfgtlybx` FOREIGN KEY (`invoice_id`) REFERENCES `invoice` (`id`);

--
-- Constraints for table `labtest_has_parameter`
--
ALTER TABLE `labtest_has_parameter`
  ADD CONSTRAINT `FK14u2fgxs8sf4lakfrl8xv3h3d` FOREIGN KEY (`labtest_id`) REFERENCES `labtest` (`id`),
  ADD CONSTRAINT `FKro65nedng07h6ooqnupm43enx` FOREIGN KEY (`labtest_parameter_id`) REFERENCES `labtest_parameter` (`id`);

--
-- Constraints for table `medical_package_has_labtest`
--
ALTER TABLE `medical_package_has_labtest`
  ADD CONSTRAINT `FKnn08abt350vjekhjelli93cf5` FOREIGN KEY (`labtest_id`) REFERENCES `labtest` (`id`),
  ADD CONSTRAINT `FKodu3gos9rbj75u2sw1j4vrbky` FOREIGN KEY (`medical_package_id`) REFERENCES `medical_package` (`id`);

--
-- Constraints for table `refund`
--
ALTER TABLE `refund`
  ADD CONSTRAINT `FK4ny5ywx78sgoir4c4gifedx7e` FOREIGN KEY (`invoice_id`) REFERENCES `invoice` (`id`),
  ADD CONSTRAINT `FK801i2a251yo9am9xdcy628cvs` FOREIGN KEY (`user_id`) REFERENCES `user` (`id`);

--
-- Constraints for table `result_table`
--
ALTER TABLE `result_table`
  ADD CONSTRAINT `FKavmc982d1h4b7qtt5u0cr0owl` FOREIGN KEY (`labtest_parameter_id`) REFERENCES `labtest_parameter` (`id`),
  ADD CONSTRAINT `FKij3r19xppihdyt9o5vvk3a3eh` FOREIGN KEY (`labtest_id`) REFERENCES `labtest` (`id`),
  ADD CONSTRAINT `FKmbjuwsrdvubmpxjja768olqq` FOREIGN KEY (`invoice_has_lab_test_id`) REFERENCES `invoice_has_labtest` (`id`);

--
-- Constraints for table `user`
--
ALTER TABLE `user`
  ADD CONSTRAINT `FK211dk0pe7l3aibwce8yy61ota` FOREIGN KEY (`employee_id`) REFERENCES `employee` (`id`),
  ADD CONSTRAINT `FKn82ha3ccdebhokx3a8fgdqeyy` FOREIGN KEY (`role_id`) REFERENCES `role` (`id`);

/*!40101 SET CHARACTER_SET_CLIENT=@OLD_CHARACTER_SET_CLIENT */;
/*!40101 SET CHARACTER_SET_RESULTS=@OLD_CHARACTER_SET_RESULTS */;
/*!40101 SET COLLATION_CONNECTION=@OLD_COLLATION_CONNECTION */;
